ISO-10303-21;
HEADER;
/* Generated by software containing ST-Developer
 * from STEP Tools, Inc. (www.steptools.com) 
 */

FILE_DESCRIPTION(
/* description */ (''),
/* implementation_level */ '2;1');

FILE_NAME(
/* name */ 'Only 3DP files.step',
/* time_stamp */ '2026-08-31T13:59:44-04:00',
/* author */ (''),
/* organization */ (''),
/* preprocessor_version */ 'ST-DEVELOPER v20.1',
/* originating_system */ 'Autodesk Translation Framework v15.8.0.0',
/* authorisation */ '');

FILE_SCHEMA (('AUTOMOTIVE_DESIGN { 1 0 10303 214 3 1 1 }'));
ENDSEC;

DATA;
#10=MECHANICAL_DESIGN_GEOMETRIC_PRESENTATION_REPRESENTATION('',(#28,#29,
#30,#31,#32,#33,#34),#5255);
#11=SHAPE_REPRESENTATION_RELATIONSHIP('SRR','None',#5261,#12);
#12=ADVANCED_BREP_SHAPE_REPRESENTATION('',(#35,#36,#37,#38,#39,#40,#41),
#5254);
#13=B_SPLINE_CURVE_WITH_KNOTS('',3,(#4537,#4538,#4539,#4540,#4541,#4542,
#4543,#4544,#4545,#4546,#4547,#4548,#4549,#4550),.UNSPECIFIED.,.F.,.F.,
(4,2,2,2,2,2,4),(-0.000492310905342014,0.,0.0203021386280372,0.0405961570281413,
0.0798674469358514,0.118817173543228,0.157599171045976),.UNSPECIFIED.);
#14=B_SPLINE_CURVE_WITH_KNOTS('',3,(#4553,#4554,#4555,#4556,#4557,#4558,
#4559,#4560,#4561,#4562,#4563,#4564,#4565,#4566),.UNSPECIFIED.,.F.,.F.,
(4,2,2,2,2,2,4),(0.,0.0387687848217641,0.0777068753255599,0.116969582123843,
0.13726219726032,0.157563012963567,0.158054876856173),.UNSPECIFIED.);
#15=B_SPLINE_CURVE_WITH_KNOTS('',3,(#4578,#4579,#4580,#4581,#4582,#4583,
#4584,#4585,#4586,#4587,#4588,#4589),.UNSPECIFIED.,.F.,.F.,(4,2,2,2,2,4),
(-0.000802258427062576,0.,0.0402183677191857,0.0794841334864814,0.118438632899853,
0.157206216634437),.UNSPECIFIED.);
#16=B_SPLINE_CURVE_WITH_KNOTS('',3,(#4734,#4735,#4736,#4737,#4738,#4739,
#4740,#4741),.UNSPECIFIED.,.F.,.F.,(4,2,2,4),(0.294538658456081,0.399172888862273,
0.535194908277236,0.6712169276922),.UNSPECIFIED.);
#17=B_SPLINE_CURVE_WITH_KNOTS('',3,(#4744,#4745,#4746,#4747,#4748,#4749,
#4750,#4751),.UNSPECIFIED.,.F.,.F.,(4,2,2,4),(2.09533009811443,2.34059464342889,
2.58585918874335,2.65024869483989),.UNSPECIFIED.);
#18=TOROIDAL_SURFACE('',#3176,8.5,1.);
#19=TOROIDAL_SURFACE('',#3181,2.,1.);
#20=TOROIDAL_SURFACE('',#3214,4.,0.5);
#21=TOROIDAL_SURFACE('',#3219,4.,0.5);
#22=TOROIDAL_SURFACE('',#3224,4.,0.5);
#23=TOROIDAL_SURFACE('',#3229,4.,0.5);
#24=TOROIDAL_SURFACE('',#3322,4.24999999999999,1.);
#25=TOROIDAL_SURFACE('',#3324,4.24999999999999,1.);
#26=TOROIDAL_SURFACE('',#3326,4.24999999999999,1.);
#27=TOROIDAL_SURFACE('',#3328,4.24999999999999,1.);
#28=STYLED_ITEM('',(#5270),#35);
#29=STYLED_ITEM('',(#5270),#36);
#30=STYLED_ITEM('',(#5270),#37);
#31=STYLED_ITEM('',(#5270),#38);
#32=STYLED_ITEM('',(#5270),#39);
#33=STYLED_ITEM('',(#5270),#40);
#34=STYLED_ITEM('',(#5270),#41);
#35=MANIFOLD_SOLID_BREP('middle',#3112);
#36=MANIFOLD_SOLID_BREP('back',#3113);
#37=MANIFOLD_SOLID_BREP('faceplate',#3114);
#38=MANIFOLD_SOLID_BREP('spacer (3)',#3115);
#39=MANIFOLD_SOLID_BREP('spacer (1)',#3116);
#40=MANIFOLD_SOLID_BREP('spacer (2)',#3117);
#41=MANIFOLD_SOLID_BREP('spacer',#3118);
#42=FACE_BOUND('',#420,.T.);
#43=FACE_BOUND('',#421,.T.);
#44=FACE_BOUND('',#422,.T.);
#45=FACE_BOUND('',#423,.T.);
#46=FACE_BOUND('',#424,.T.);
#47=FACE_BOUND('',#425,.T.);
#48=FACE_BOUND('',#426,.T.);
#49=FACE_BOUND('',#427,.T.);
#50=FACE_BOUND('',#438,.T.);
#51=FACE_BOUND('',#439,.T.);
#52=FACE_BOUND('',#440,.T.);
#53=FACE_BOUND('',#441,.T.);
#54=FACE_BOUND('',#457,.T.);
#55=FACE_BOUND('',#465,.T.);
#56=FACE_BOUND('',#466,.T.);
#57=FACE_BOUND('',#467,.T.);
#58=FACE_BOUND('',#468,.T.);
#59=FACE_BOUND('',#469,.T.);
#60=FACE_BOUND('',#485,.T.);
#61=FACE_BOUND('',#487,.T.);
#62=FACE_BOUND('',#489,.T.);
#63=FACE_BOUND('',#491,.T.);
#64=FACE_BOUND('',#513,.T.);
#65=FACE_BOUND('',#514,.T.);
#66=FACE_BOUND('',#515,.T.);
#67=FACE_BOUND('',#516,.T.);
#68=FACE_BOUND('',#517,.T.);
#69=FACE_BOUND('',#518,.T.);
#70=FACE_BOUND('',#530,.T.);
#71=FACE_BOUND('',#531,.T.);
#72=FACE_BOUND('',#532,.T.);
#73=FACE_BOUND('',#534,.T.);
#74=FACE_BOUND('',#538,.T.);
#75=FACE_BOUND('',#540,.T.);
#76=FACE_BOUND('',#549,.T.);
#77=FACE_BOUND('',#550,.T.);
#78=FACE_BOUND('',#551,.T.);
#79=FACE_BOUND('',#563,.T.);
#80=FACE_BOUND('',#566,.T.);
#81=FACE_BOUND('',#569,.T.);
#82=FACE_BOUND('',#572,.T.);
#83=FACE_BOUND('',#581,.T.);
#84=FACE_BOUND('',#584,.T.);
#85=FACE_BOUND('',#607,.T.);
#86=FACE_BOUND('',#608,.T.);
#87=FACE_BOUND('',#609,.T.);
#88=FACE_BOUND('',#610,.T.);
#89=FACE_BOUND('',#615,.T.);
#90=FACE_BOUND('',#617,.T.);
#91=FACE_BOUND('',#621,.T.);
#92=FACE_BOUND('',#623,.T.);
#93=FACE_BOUND('',#627,.T.);
#94=FACE_BOUND('',#629,.T.);
#95=FACE_BOUND('',#633,.T.);
#96=FACE_BOUND('',#635,.T.);
#97=PLANE('',#3129);
#98=PLANE('',#3133);
#99=PLANE('',#3137);
#100=PLANE('',#3141);
#101=PLANE('',#3142);
#102=PLANE('',#3143);
#103=PLANE('',#3144);
#104=PLANE('',#3145);
#105=PLANE('',#3146);
#106=PLANE('',#3147);
#107=PLANE('',#3148);
#108=PLANE('',#3149);
#109=PLANE('',#3150);
#110=PLANE('',#3151);
#111=PLANE('',#3152);
#112=PLANE('',#3153);
#113=PLANE('',#3156);
#114=PLANE('',#3157);
#115=PLANE('',#3158);
#116=PLANE('',#3159);
#117=PLANE('',#3160);
#118=PLANE('',#3161);
#119=PLANE('',#3162);
#120=PLANE('',#3163);
#121=PLANE('',#3164);
#122=PLANE('',#3165);
#123=PLANE('',#3168);
#124=PLANE('',#3169);
#125=PLANE('',#3170);
#126=PLANE('',#3171);
#127=PLANE('',#3172);
#128=PLANE('',#3173);
#129=PLANE('',#3185);
#130=PLANE('',#3188);
#131=PLANE('',#3205);
#132=PLANE('',#3206);
#133=PLANE('',#3207);
#134=PLANE('',#3210);
#135=PLANE('',#3213);
#136=PLANE('',#3234);
#137=PLANE('',#3235);
#138=PLANE('',#3237);
#139=PLANE('',#3239);
#140=PLANE('',#3241);
#141=PLANE('',#3261);
#142=PLANE('',#3262);
#143=PLANE('',#3263);
#144=PLANE('',#3267);
#145=PLANE('',#3268);
#146=PLANE('',#3269);
#147=PLANE('',#3270);
#148=PLANE('',#3274);
#149=PLANE('',#3275);
#150=PLANE('',#3276);
#151=PLANE('',#3277);
#152=PLANE('',#3278);
#153=PLANE('',#3289);
#154=PLANE('',#3290);
#155=PLANE('',#3291);
#156=PLANE('',#3292);
#157=PLANE('',#3293);
#158=PLANE('',#3294);
#159=PLANE('',#3295);
#160=PLANE('',#3296);
#161=PLANE('',#3297);
#162=PLANE('',#3298);
#163=PLANE('',#3299);
#164=PLANE('',#3301);
#165=PLANE('',#3303);
#166=PLANE('',#3306);
#167=PLANE('',#3319);
#168=PLANE('',#3320);
#169=PLANE('',#3321);
#170=PLANE('',#3330);
#171=PLANE('',#3331);
#172=PLANE('',#3332);
#173=PLANE('',#3333);
#174=PLANE('',#3337);
#175=PLANE('',#3342);
#176=PLANE('',#3347);
#177=PLANE('',#3352);
#178=PLANE('',#3354);
#179=PLANE('',#3356);
#180=PLANE('',#3360);
#181=PLANE('',#3361);
#182=PLANE('',#3362);
#183=PLANE('',#3363);
#184=PLANE('',#3364);
#185=PLANE('',#3365);
#186=PLANE('',#3366);
#187=PLANE('',#3367);
#188=PLANE('',#3368);
#189=PLANE('',#3369);
#190=PLANE('',#3370);
#191=PLANE('',#3374);
#192=PLANE('',#3375);
#193=PLANE('',#3376);
#194=PLANE('',#3377);
#195=PLANE('',#3378);
#196=PLANE('',#3379);
#197=PLANE('',#3380);
#198=PLANE('',#3381);
#199=PLANE('',#3382);
#200=PLANE('',#3383);
#201=PLANE('',#3384);
#202=PLANE('',#3385);
#203=PLANE('',#3386);
#204=PLANE('',#3387);
#205=PLANE('',#3389);
#206=PLANE('',#3390);
#207=PLANE('',#3397);
#208=PLANE('',#3398);
#209=PLANE('',#3405);
#210=PLANE('',#3406);
#211=PLANE('',#3413);
#212=PLANE('',#3414);
#213=PLANE('',#3421);
#214=PLANE('',#3422);
#215=FACE_OUTER_BOUND('',#398,.T.);
#216=FACE_OUTER_BOUND('',#399,.T.);
#217=FACE_OUTER_BOUND('',#400,.T.);
#218=FACE_OUTER_BOUND('',#401,.T.);
#219=FACE_OUTER_BOUND('',#402,.T.);
#220=FACE_OUTER_BOUND('',#403,.T.);
#221=FACE_OUTER_BOUND('',#404,.T.);
#222=FACE_OUTER_BOUND('',#405,.T.);
#223=FACE_OUTER_BOUND('',#406,.T.);
#224=FACE_OUTER_BOUND('',#407,.T.);
#225=FACE_OUTER_BOUND('',#408,.T.);
#226=FACE_OUTER_BOUND('',#409,.T.);
#227=FACE_OUTER_BOUND('',#410,.T.);
#228=FACE_OUTER_BOUND('',#411,.T.);
#229=FACE_OUTER_BOUND('',#412,.T.);
#230=FACE_OUTER_BOUND('',#413,.T.);
#231=FACE_OUTER_BOUND('',#414,.T.);
#232=FACE_OUTER_BOUND('',#415,.T.);
#233=FACE_OUTER_BOUND('',#416,.T.);
#234=FACE_OUTER_BOUND('',#417,.T.);
#235=FACE_OUTER_BOUND('',#418,.T.);
#236=FACE_OUTER_BOUND('',#419,.T.);
#237=FACE_OUTER_BOUND('',#428,.T.);
#238=FACE_OUTER_BOUND('',#429,.T.);
#239=FACE_OUTER_BOUND('',#430,.T.);
#240=FACE_OUTER_BOUND('',#431,.T.);
#241=FACE_OUTER_BOUND('',#432,.T.);
#242=FACE_OUTER_BOUND('',#433,.T.);
#243=FACE_OUTER_BOUND('',#434,.T.);
#244=FACE_OUTER_BOUND('',#435,.T.);
#245=FACE_OUTER_BOUND('',#436,.T.);
#246=FACE_OUTER_BOUND('',#437,.T.);
#247=FACE_OUTER_BOUND('',#442,.T.);
#248=FACE_OUTER_BOUND('',#443,.T.);
#249=FACE_OUTER_BOUND('',#444,.T.);
#250=FACE_OUTER_BOUND('',#445,.T.);
#251=FACE_OUTER_BOUND('',#446,.T.);
#252=FACE_OUTER_BOUND('',#447,.T.);
#253=FACE_OUTER_BOUND('',#448,.T.);
#254=FACE_OUTER_BOUND('',#449,.T.);
#255=FACE_OUTER_BOUND('',#450,.T.);
#256=FACE_OUTER_BOUND('',#451,.T.);
#257=FACE_OUTER_BOUND('',#452,.T.);
#258=FACE_OUTER_BOUND('',#453,.T.);
#259=FACE_OUTER_BOUND('',#454,.T.);
#260=FACE_OUTER_BOUND('',#455,.T.);
#261=FACE_OUTER_BOUND('',#456,.T.);
#262=FACE_OUTER_BOUND('',#458,.T.);
#263=FACE_OUTER_BOUND('',#459,.T.);
#264=FACE_OUTER_BOUND('',#460,.T.);
#265=FACE_OUTER_BOUND('',#461,.T.);
#266=FACE_OUTER_BOUND('',#462,.T.);
#267=FACE_OUTER_BOUND('',#463,.T.);
#268=FACE_OUTER_BOUND('',#464,.T.);
#269=FACE_OUTER_BOUND('',#470,.T.);
#270=FACE_OUTER_BOUND('',#471,.T.);
#271=FACE_OUTER_BOUND('',#472,.T.);
#272=FACE_OUTER_BOUND('',#473,.T.);
#273=FACE_OUTER_BOUND('',#474,.T.);
#274=FACE_OUTER_BOUND('',#475,.T.);
#275=FACE_OUTER_BOUND('',#476,.T.);
#276=FACE_OUTER_BOUND('',#477,.T.);
#277=FACE_OUTER_BOUND('',#478,.T.);
#278=FACE_OUTER_BOUND('',#479,.T.);
#279=FACE_OUTER_BOUND('',#480,.T.);
#280=FACE_OUTER_BOUND('',#481,.T.);
#281=FACE_OUTER_BOUND('',#482,.T.);
#282=FACE_OUTER_BOUND('',#483,.T.);
#283=FACE_OUTER_BOUND('',#484,.T.);
#284=FACE_OUTER_BOUND('',#486,.T.);
#285=FACE_OUTER_BOUND('',#488,.T.);
#286=FACE_OUTER_BOUND('',#490,.T.);
#287=FACE_OUTER_BOUND('',#492,.T.);
#288=FACE_OUTER_BOUND('',#493,.T.);
#289=FACE_OUTER_BOUND('',#494,.T.);
#290=FACE_OUTER_BOUND('',#495,.T.);
#291=FACE_OUTER_BOUND('',#496,.T.);
#292=FACE_OUTER_BOUND('',#497,.T.);
#293=FACE_OUTER_BOUND('',#498,.T.);
#294=FACE_OUTER_BOUND('',#499,.T.);
#295=FACE_OUTER_BOUND('',#500,.T.);
#296=FACE_OUTER_BOUND('',#501,.T.);
#297=FACE_OUTER_BOUND('',#502,.T.);
#298=FACE_OUTER_BOUND('',#503,.T.);
#299=FACE_OUTER_BOUND('',#504,.T.);
#300=FACE_OUTER_BOUND('',#505,.T.);
#301=FACE_OUTER_BOUND('',#506,.T.);
#302=FACE_OUTER_BOUND('',#507,.T.);
#303=FACE_OUTER_BOUND('',#508,.T.);
#304=FACE_OUTER_BOUND('',#509,.T.);
#305=FACE_OUTER_BOUND('',#510,.T.);
#306=FACE_OUTER_BOUND('',#511,.T.);
#307=FACE_OUTER_BOUND('',#512,.T.);
#308=FACE_OUTER_BOUND('',#519,.T.);
#309=FACE_OUTER_BOUND('',#520,.T.);
#310=FACE_OUTER_BOUND('',#521,.T.);
#311=FACE_OUTER_BOUND('',#522,.T.);
#312=FACE_OUTER_BOUND('',#523,.T.);
#313=FACE_OUTER_BOUND('',#524,.T.);
#314=FACE_OUTER_BOUND('',#525,.T.);
#315=FACE_OUTER_BOUND('',#526,.T.);
#316=FACE_OUTER_BOUND('',#527,.T.);
#317=FACE_OUTER_BOUND('',#528,.T.);
#318=FACE_OUTER_BOUND('',#529,.T.);
#319=FACE_OUTER_BOUND('',#533,.T.);
#320=FACE_OUTER_BOUND('',#535,.T.);
#321=FACE_OUTER_BOUND('',#536,.T.);
#322=FACE_OUTER_BOUND('',#537,.T.);
#323=FACE_OUTER_BOUND('',#539,.T.);
#324=FACE_OUTER_BOUND('',#541,.T.);
#325=FACE_OUTER_BOUND('',#542,.T.);
#326=FACE_OUTER_BOUND('',#543,.T.);
#327=FACE_OUTER_BOUND('',#544,.T.);
#328=FACE_OUTER_BOUND('',#545,.T.);
#329=FACE_OUTER_BOUND('',#546,.T.);
#330=FACE_OUTER_BOUND('',#547,.T.);
#331=FACE_OUTER_BOUND('',#548,.T.);
#332=FACE_OUTER_BOUND('',#552,.T.);
#333=FACE_OUTER_BOUND('',#553,.T.);
#334=FACE_OUTER_BOUND('',#554,.T.);
#335=FACE_OUTER_BOUND('',#555,.T.);
#336=FACE_OUTER_BOUND('',#556,.T.);
#337=FACE_OUTER_BOUND('',#557,.T.);
#338=FACE_OUTER_BOUND('',#558,.T.);
#339=FACE_OUTER_BOUND('',#559,.T.);
#340=FACE_OUTER_BOUND('',#560,.T.);
#341=FACE_OUTER_BOUND('',#561,.T.);
#342=FACE_OUTER_BOUND('',#562,.T.);
#343=FACE_OUTER_BOUND('',#564,.T.);
#344=FACE_OUTER_BOUND('',#565,.T.);
#345=FACE_OUTER_BOUND('',#567,.T.);
#346=FACE_OUTER_BOUND('',#568,.T.);
#347=FACE_OUTER_BOUND('',#570,.T.);
#348=FACE_OUTER_BOUND('',#571,.T.);
#349=FACE_OUTER_BOUND('',#573,.T.);
#350=FACE_OUTER_BOUND('',#574,.T.);
#351=FACE_OUTER_BOUND('',#575,.T.);
#352=FACE_OUTER_BOUND('',#576,.T.);
#353=FACE_OUTER_BOUND('',#577,.T.);
#354=FACE_OUTER_BOUND('',#578,.T.);
#355=FACE_OUTER_BOUND('',#579,.T.);
#356=FACE_OUTER_BOUND('',#580,.T.);
#357=FACE_OUTER_BOUND('',#582,.T.);
#358=FACE_OUTER_BOUND('',#583,.T.);
#359=FACE_OUTER_BOUND('',#585,.T.);
#360=FACE_OUTER_BOUND('',#586,.T.);
#361=FACE_OUTER_BOUND('',#587,.T.);
#362=FACE_OUTER_BOUND('',#588,.T.);
#363=FACE_OUTER_BOUND('',#589,.T.);
#364=FACE_OUTER_BOUND('',#590,.T.);
#365=FACE_OUTER_BOUND('',#591,.T.);
#366=FACE_OUTER_BOUND('',#592,.T.);
#367=FACE_OUTER_BOUND('',#593,.T.);
#368=FACE_OUTER_BOUND('',#594,.T.);
#369=FACE_OUTER_BOUND('',#595,.T.);
#370=FACE_OUTER_BOUND('',#596,.T.);
#371=FACE_OUTER_BOUND('',#597,.T.);
#372=FACE_OUTER_BOUND('',#598,.T.);
#373=FACE_OUTER_BOUND('',#599,.T.);
#374=FACE_OUTER_BOUND('',#600,.T.);
#375=FACE_OUTER_BOUND('',#601,.T.);
#376=FACE_OUTER_BOUND('',#602,.T.);
#377=FACE_OUTER_BOUND('',#603,.T.);
#378=FACE_OUTER_BOUND('',#604,.T.);
#379=FACE_OUTER_BOUND('',#605,.T.);
#380=FACE_OUTER_BOUND('',#606,.T.);
#381=FACE_OUTER_BOUND('',#611,.T.);
#382=FACE_OUTER_BOUND('',#612,.T.);
#383=FACE_OUTER_BOUND('',#613,.T.);
#384=FACE_OUTER_BOUND('',#614,.T.);
#385=FACE_OUTER_BOUND('',#616,.T.);
#386=FACE_OUTER_BOUND('',#618,.T.);
#387=FACE_OUTER_BOUND('',#619,.T.);
#388=FACE_OUTER_BOUND('',#620,.T.);
#389=FACE_OUTER_BOUND('',#622,.T.);
#390=FACE_OUTER_BOUND('',#624,.T.);
#391=FACE_OUTER_BOUND('',#625,.T.);
#392=FACE_OUTER_BOUND('',#626,.T.);
#393=FACE_OUTER_BOUND('',#628,.T.);
#394=FACE_OUTER_BOUND('',#630,.T.);
#395=FACE_OUTER_BOUND('',#631,.T.);
#396=FACE_OUTER_BOUND('',#632,.T.);
#397=FACE_OUTER_BOUND('',#634,.T.);
#398=EDGE_LOOP('',(#2036,#2037,#2038,#2039));
#399=EDGE_LOOP('',(#2040,#2041,#2042,#2043));
#400=EDGE_LOOP('',(#2044,#2045,#2046,#2047));
#401=EDGE_LOOP('',(#2048));
#402=EDGE_LOOP('',(#2049,#2050,#2051,#2052));
#403=EDGE_LOOP('',(#2053));
#404=EDGE_LOOP('',(#2054,#2055,#2056,#2057));
#405=EDGE_LOOP('',(#2058));
#406=EDGE_LOOP('',(#2059,#2060,#2061,#2062));
#407=EDGE_LOOP('',(#2063));
#408=EDGE_LOOP('',(#2064,#2065,#2066,#2067));
#409=EDGE_LOOP('',(#2068,#2069,#2070,#2071,#2072));
#410=EDGE_LOOP('',(#2073,#2074,#2075,#2076,#2077));
#411=EDGE_LOOP('',(#2078,#2079,#2080,#2081));
#412=EDGE_LOOP('',(#2082,#2083,#2084,#2085));
#413=EDGE_LOOP('',(#2086,#2087,#2088,#2089));
#414=EDGE_LOOP('',(#2090,#2091,#2092,#2093));
#415=EDGE_LOOP('',(#2094,#2095,#2096,#2097));
#416=EDGE_LOOP('',(#2098,#2099,#2100,#2101));
#417=EDGE_LOOP('',(#2102,#2103,#2104,#2105));
#418=EDGE_LOOP('',(#2106,#2107,#2108,#2109,#2110,#2111,#2112,#2113));
#419=EDGE_LOOP('',(#2114,#2115,#2116,#2117,#2118,#2119,#2120,#2121,#2122,
#2123,#2124,#2125,#2126,#2127,#2128,#2129));
#420=EDGE_LOOP('',(#2130));
#421=EDGE_LOOP('',(#2131));
#422=EDGE_LOOP('',(#2132));
#423=EDGE_LOOP('',(#2133));
#424=EDGE_LOOP('',(#2134));
#425=EDGE_LOOP('',(#2135));
#426=EDGE_LOOP('',(#2136));
#427=EDGE_LOOP('',(#2137));
#428=EDGE_LOOP('',(#2138,#2139,#2140,#2141));
#429=EDGE_LOOP('',(#2142,#2143,#2144,#2145));
#430=EDGE_LOOP('',(#2146,#2147,#2148,#2149));
#431=EDGE_LOOP('',(#2150,#2151,#2152,#2153));
#432=EDGE_LOOP('',(#2154,#2155,#2156,#2157));
#433=EDGE_LOOP('',(#2158,#2159,#2160,#2161));
#434=EDGE_LOOP('',(#2162,#2163,#2164,#2165));
#435=EDGE_LOOP('',(#2166,#2167,#2168,#2169));
#436=EDGE_LOOP('',(#2170,#2171,#2172,#2173));
#437=EDGE_LOOP('',(#2174,#2175,#2176,#2177,#2178,#2179,#2180,#2181,#2182,
#2183,#2184,#2185,#2186,#2187,#2188,#2189,#2190,#2191,#2192,#2193,#2194,
#2195,#2196,#2197));
#438=EDGE_LOOP('',(#2198));
#439=EDGE_LOOP('',(#2199));
#440=EDGE_LOOP('',(#2200));
#441=EDGE_LOOP('',(#2201));
#442=EDGE_LOOP('',(#2202,#2203,#2204,#2205));
#443=EDGE_LOOP('',(#2206,#2207,#2208,#2209));
#444=EDGE_LOOP('',(#2210,#2211,#2212,#2213));
#445=EDGE_LOOP('',(#2214,#2215,#2216,#2217,#2218));
#446=EDGE_LOOP('',(#2219,#2220,#2221,#2222,#2223));
#447=EDGE_LOOP('',(#2224,#2225,#2226,#2227));
#448=EDGE_LOOP('',(#2228,#2229,#2230,#2231));
#449=EDGE_LOOP('',(#2232,#2233,#2234,#2235));
#450=EDGE_LOOP('',(#2236,#2237,#2238,#2239));
#451=EDGE_LOOP('',(#2240,#2241,#2242,#2243));
#452=EDGE_LOOP('',(#2244,#2245,#2246,#2247));
#453=EDGE_LOOP('',(#2248,#2249,#2250,#2251));
#454=EDGE_LOOP('',(#2252,#2253,#2254,#2255));
#455=EDGE_LOOP('',(#2256,#2257,#2258,#2259));
#456=EDGE_LOOP('',(#2260,#2261,#2262,#2263));
#457=EDGE_LOOP('',(#2264,#2265,#2266,#2267));
#458=EDGE_LOOP('',(#2268,#2269,#2270,#2271));
#459=EDGE_LOOP('',(#2272,#2273,#2274,#2275));
#460=EDGE_LOOP('',(#2276,#2277,#2278,#2279));
#461=EDGE_LOOP('',(#2280,#2281,#2282,#2283));
#462=EDGE_LOOP('',(#2284,#2285,#2286,#2287));
#463=EDGE_LOOP('',(#2288,#2289,#2290,#2291));
#464=EDGE_LOOP('',(#2292,#2293,#2294,#2295));
#465=EDGE_LOOP('',(#2296));
#466=EDGE_LOOP('',(#2297));
#467=EDGE_LOOP('',(#2298));
#468=EDGE_LOOP('',(#2299));
#469=EDGE_LOOP('',(#2300,#2301,#2302,#2303));
#470=EDGE_LOOP('',(#2304,#2305,#2306,#2307));
#471=EDGE_LOOP('',(#2308,#2309,#2310,#2311));
#472=EDGE_LOOP('',(#2312,#2313,#2314,#2315));
#473=EDGE_LOOP('',(#2316,#2317,#2318,#2319));
#474=EDGE_LOOP('',(#2320,#2321,#2322,#2323));
#475=EDGE_LOOP('',(#2324,#2325,#2326,#2327));
#476=EDGE_LOOP('',(#2328,#2329,#2330,#2331));
#477=EDGE_LOOP('',(#2332,#2333,#2334,#2335));
#478=EDGE_LOOP('',(#2336,#2337,#2338,#2339));
#479=EDGE_LOOP('',(#2340,#2341,#2342,#2343));
#480=EDGE_LOOP('',(#2344,#2345,#2346,#2347));
#481=EDGE_LOOP('',(#2348,#2349,#2350,#2351));
#482=EDGE_LOOP('',(#2352,#2353,#2354,#2355));
#483=EDGE_LOOP('',(#2356,#2357,#2358,#2359));
#484=EDGE_LOOP('',(#2360));
#485=EDGE_LOOP('',(#2361));
#486=EDGE_LOOP('',(#2362));
#487=EDGE_LOOP('',(#2363));
#488=EDGE_LOOP('',(#2364));
#489=EDGE_LOOP('',(#2365));
#490=EDGE_LOOP('',(#2366));
#491=EDGE_LOOP('',(#2367));
#492=EDGE_LOOP('',(#2368,#2369,#2370,#2371));
#493=EDGE_LOOP('',(#2372,#2373,#2374,#2375));
#494=EDGE_LOOP('',(#2376,#2377,#2378,#2379));
#495=EDGE_LOOP('',(#2380,#2381,#2382,#2383,#2384));
#496=EDGE_LOOP('',(#2385,#2386,#2387,#2388,#2389));
#497=EDGE_LOOP('',(#2390,#2391,#2392,#2393));
#498=EDGE_LOOP('',(#2394,#2395,#2396,#2397,#2398));
#499=EDGE_LOOP('',(#2399,#2400));
#500=EDGE_LOOP('',(#2401,#2402,#2403));
#501=EDGE_LOOP('',(#2404,#2405,#2406,#2407));
#502=EDGE_LOOP('',(#2408,#2409,#2410,#2411));
#503=EDGE_LOOP('',(#2412,#2413,#2414,#2415));
#504=EDGE_LOOP('',(#2416,#2417,#2418,#2419,#2420,#2421));
#505=EDGE_LOOP('',(#2422,#2423,#2424,#2425));
#506=EDGE_LOOP('',(#2426,#2427,#2428,#2429,#2430,#2431,#2432,#2433));
#507=EDGE_LOOP('',(#2434,#2435,#2436,#2437));
#508=EDGE_LOOP('',(#2438,#2439,#2440,#2441));
#509=EDGE_LOOP('',(#2442,#2443,#2444,#2445,#2446));
#510=EDGE_LOOP('',(#2447,#2448,#2449,#2450,#2451,#2452,#2453,#2454,#2455,
#2456));
#511=EDGE_LOOP('',(#2457,#2458,#2459,#2460,#2461));
#512=EDGE_LOOP('',(#2462,#2463,#2464,#2465,#2466,#2467,#2468,#2469,#2470,
#2471,#2472,#2473,#2474,#2475,#2476,#2477));
#513=EDGE_LOOP('',(#2478));
#514=EDGE_LOOP('',(#2479));
#515=EDGE_LOOP('',(#2480));
#516=EDGE_LOOP('',(#2481));
#517=EDGE_LOOP('',(#2482));
#518=EDGE_LOOP('',(#2483));
#519=EDGE_LOOP('',(#2484,#2485,#2486,#2487));
#520=EDGE_LOOP('',(#2488,#2489,#2490,#2491));
#521=EDGE_LOOP('',(#2492,#2493,#2494,#2495));
#522=EDGE_LOOP('',(#2496,#2497,#2498,#2499));
#523=EDGE_LOOP('',(#2500,#2501,#2502,#2503));
#524=EDGE_LOOP('',(#2504,#2505,#2506,#2507));
#525=EDGE_LOOP('',(#2508,#2509,#2510,#2511));
#526=EDGE_LOOP('',(#2512,#2513,#2514,#2515));
#527=EDGE_LOOP('',(#2516,#2517,#2518,#2519));
#528=EDGE_LOOP('',(#2520,#2521,#2522,#2523));
#529=EDGE_LOOP('',(#2524,#2525,#2526,#2527));
#530=EDGE_LOOP('',(#2528));
#531=EDGE_LOOP('',(#2529));
#532=EDGE_LOOP('',(#2530,#2531,#2532,#2533));
#533=EDGE_LOOP('',(#2534,#2535,#2536,#2537,#2538,#2539,#2540,#2541,#2542,
#2543,#2544,#2545,#2546,#2547,#2548,#2549));
#534=EDGE_LOOP('',(#2550,#2551,#2552,#2553));
#535=EDGE_LOOP('',(#2554));
#536=EDGE_LOOP('',(#2555));
#537=EDGE_LOOP('',(#2556));
#538=EDGE_LOOP('',(#2557));
#539=EDGE_LOOP('',(#2558));
#540=EDGE_LOOP('',(#2559));
#541=EDGE_LOOP('',(#2560,#2561,#2562,#2563));
#542=EDGE_LOOP('',(#2564,#2565,#2566,#2567));
#543=EDGE_LOOP('',(#2568,#2569,#2570,#2571));
#544=EDGE_LOOP('',(#2572,#2573,#2574,#2575));
#545=EDGE_LOOP('',(#2576,#2577,#2578,#2579));
#546=EDGE_LOOP('',(#2580,#2581,#2582,#2583));
#547=EDGE_LOOP('',(#2584,#2585,#2586,#2587));
#548=EDGE_LOOP('',(#2588,#2589,#2590,#2591,#2592,#2593,#2594,#2595,#2596,
#2597));
#549=EDGE_LOOP('',(#2598));
#550=EDGE_LOOP('',(#2599));
#551=EDGE_LOOP('',(#2600,#2601,#2602,#2603));
#552=EDGE_LOOP('',(#2604,#2605,#2606,#2607));
#553=EDGE_LOOP('',(#2608,#2609,#2610,#2611));
#554=EDGE_LOOP('',(#2612,#2613,#2614,#2615));
#555=EDGE_LOOP('',(#2616,#2617,#2618,#2619));
#556=EDGE_LOOP('',(#2620,#2621,#2622,#2623));
#557=EDGE_LOOP('',(#2624,#2625,#2626,#2627));
#558=EDGE_LOOP('',(#2628,#2629,#2630,#2631));
#559=EDGE_LOOP('',(#2632,#2633,#2634,#2635));
#560=EDGE_LOOP('',(#2636,#2637,#2638,#2639));
#561=EDGE_LOOP('',(#2640,#2641,#2642,#2643));
#562=EDGE_LOOP('',(#2644));
#563=EDGE_LOOP('',(#2645));
#564=EDGE_LOOP('',(#2646,#2647,#2648,#2649));
#565=EDGE_LOOP('',(#2650));
#566=EDGE_LOOP('',(#2651));
#567=EDGE_LOOP('',(#2652,#2653,#2654,#2655));
#568=EDGE_LOOP('',(#2656));
#569=EDGE_LOOP('',(#2657));
#570=EDGE_LOOP('',(#2658,#2659,#2660,#2661));
#571=EDGE_LOOP('',(#2662));
#572=EDGE_LOOP('',(#2663));
#573=EDGE_LOOP('',(#2664));
#574=EDGE_LOOP('',(#2665));
#575=EDGE_LOOP('',(#2666,#2667,#2668,#2669));
#576=EDGE_LOOP('',(#2670,#2671,#2672,#2673));
#577=EDGE_LOOP('',(#2674,#2675,#2676,#2677));
#578=EDGE_LOOP('',(#2678,#2679,#2680,#2681));
#579=EDGE_LOOP('',(#2682,#2683,#2684,#2685));
#580=EDGE_LOOP('',(#2686,#2687,#2688,#2689));
#581=EDGE_LOOP('',(#2690,#2691,#2692,#2693));
#582=EDGE_LOOP('',(#2694,#2695,#2696,#2697));
#583=EDGE_LOOP('',(#2698,#2699,#2700,#2701,#2702,#2703));
#584=EDGE_LOOP('',(#2704,#2705,#2706,#2707));
#585=EDGE_LOOP('',(#2708,#2709,#2710,#2711));
#586=EDGE_LOOP('',(#2712,#2713,#2714,#2715));
#587=EDGE_LOOP('',(#2716,#2717,#2718,#2719,#2720,#2721,#2722,#2723));
#588=EDGE_LOOP('',(#2724));
#589=EDGE_LOOP('',(#2725,#2726,#2727,#2728));
#590=EDGE_LOOP('',(#2729,#2730,#2731,#2732));
#591=EDGE_LOOP('',(#2733,#2734,#2735,#2736));
#592=EDGE_LOOP('',(#2737,#2738,#2739,#2740));
#593=EDGE_LOOP('',(#2741,#2742,#2743,#2744));
#594=EDGE_LOOP('',(#2745,#2746,#2747,#2748));
#595=EDGE_LOOP('',(#2749,#2750,#2751,#2752,#2753,#2754,#2755,#2756));
#596=EDGE_LOOP('',(#2757,#2758,#2759,#2760));
#597=EDGE_LOOP('',(#2761,#2762,#2763,#2764));
#598=EDGE_LOOP('',(#2765,#2766,#2767,#2768));
#599=EDGE_LOOP('',(#2769,#2770,#2771,#2772));
#600=EDGE_LOOP('',(#2773,#2774,#2775,#2776,#2777,#2778));
#601=EDGE_LOOP('',(#2779,#2780,#2781,#2782));
#602=EDGE_LOOP('',(#2783,#2784,#2785,#2786));
#603=EDGE_LOOP('',(#2787,#2788,#2789,#2790,#2791,#2792,#2793,#2794,#2795,
#2796));
#604=EDGE_LOOP('',(#2797,#2798,#2799,#2800));
#605=EDGE_LOOP('',(#2801,#2802,#2803,#2804));
#606=EDGE_LOOP('',(#2805,#2806,#2807,#2808,#2809,#2810,#2811,#2812,#2813,
#2814,#2815,#2816,#2817,#2818,#2819,#2820));
#607=EDGE_LOOP('',(#2821));
#608=EDGE_LOOP('',(#2822));
#609=EDGE_LOOP('',(#2823));
#610=EDGE_LOOP('',(#2824));
#611=EDGE_LOOP('',(#2825));
#612=EDGE_LOOP('',(#2826,#2827,#2828,#2829));
#613=EDGE_LOOP('',(#2830,#2831,#2832,#2833));
#614=EDGE_LOOP('',(#2834));
#615=EDGE_LOOP('',(#2835));
#616=EDGE_LOOP('',(#2836));
#617=EDGE_LOOP('',(#2837));
#618=EDGE_LOOP('',(#2838,#2839,#2840,#2841));
#619=EDGE_LOOP('',(#2842,#2843,#2844,#2845));
#620=EDGE_LOOP('',(#2846));
#621=EDGE_LOOP('',(#2847));
#622=EDGE_LOOP('',(#2848));
#623=EDGE_LOOP('',(#2849));
#624=EDGE_LOOP('',(#2850,#2851,#2852,#2853));
#625=EDGE_LOOP('',(#2854,#2855,#2856,#2857));
#626=EDGE_LOOP('',(#2858));
#627=EDGE_LOOP('',(#2859));
#628=EDGE_LOOP('',(#2860));
#629=EDGE_LOOP('',(#2861));
#630=EDGE_LOOP('',(#2862,#2863,#2864,#2865));
#631=EDGE_LOOP('',(#2866,#2867,#2868,#2869));
#632=EDGE_LOOP('',(#2870));
#633=EDGE_LOOP('',(#2871));
#634=EDGE_LOOP('',(#2872));
#635=EDGE_LOOP('',(#2873));
#636=LINE('',#4330,#930);
#637=LINE('',#4336,#931);
#638=LINE('',#4342,#932);
#639=LINE('',#4349,#933);
#640=LINE('',#4356,#934);
#641=LINE('',#4363,#935);
#642=LINE('',#4369,#936);
#643=LINE('',#4371,#937);
#644=LINE('',#4373,#938);
#645=LINE('',#4374,#939);
#646=LINE('',#4378,#940);
#647=LINE('',#4380,#941);
#648=LINE('',#4382,#942);
#649=LINE('',#4384,#943);
#650=LINE('',#4385,#944);
#651=LINE('',#4388,#945);
#652=LINE('',#4390,#946);
#653=LINE('',#4392,#947);
#654=LINE('',#4393,#948);
#655=LINE('',#4396,#949);
#656=LINE('',#4398,#950);
#657=LINE('',#4399,#951);
#658=LINE('',#4402,#952);
#659=LINE('',#4404,#953);
#660=LINE('',#4405,#954);
#661=LINE('',#4408,#955);
#662=LINE('',#4410,#956);
#663=LINE('',#4411,#957);
#664=LINE('',#4414,#958);
#665=LINE('',#4416,#959);
#666=LINE('',#4417,#960);
#667=LINE('',#4420,#961);
#668=LINE('',#4422,#962);
#669=LINE('',#4423,#963);
#670=LINE('',#4425,#964);
#671=LINE('',#4426,#965);
#672=LINE('',#4429,#966);
#673=LINE('',#4430,#967);
#674=LINE('',#4435,#968);
#675=LINE('',#4437,#969);
#676=LINE('',#4439,#970);
#677=LINE('',#4440,#971);
#678=LINE('',#4442,#972);
#679=LINE('',#4444,#973);
#680=LINE('',#4446,#974);
#681=LINE('',#4448,#975);
#682=LINE('',#4450,#976);
#683=LINE('',#4452,#977);
#684=LINE('',#4454,#978);
#685=LINE('',#4456,#979);
#686=LINE('',#4458,#980);
#687=LINE('',#4460,#981);
#688=LINE('',#4461,#982);
#689=LINE('',#4469,#983);
#690=LINE('',#4470,#984);
#691=LINE('',#4471,#985);
#692=LINE('',#4474,#986);
#693=LINE('',#4475,#987);
#694=LINE('',#4478,#988);
#695=LINE('',#4479,#989);
#696=LINE('',#4481,#990);
#697=LINE('',#4484,#991);
#698=LINE('',#4485,#992);
#699=LINE('',#4488,#993);
#700=LINE('',#4489,#994);
#701=LINE('',#4492,#995);
#702=LINE('',#4493,#996);
#703=LINE('',#4496,#997);
#704=LINE('',#4497,#998);
#705=LINE('',#4500,#999);
#706=LINE('',#4501,#1000);
#707=LINE('',#4504,#1001);
#708=LINE('',#4505,#1002);
#709=LINE('',#4507,#1003);
#710=LINE('',#4509,#1004);
#711=LINE('',#4511,#1005);
#712=LINE('',#4512,#1006);
#713=LINE('',#4518,#1007);
#714=LINE('',#4520,#1008);
#715=LINE('',#4522,#1009);
#716=LINE('',#4524,#1010);
#717=LINE('',#4526,#1011);
#718=LINE('',#4529,#1012);
#719=LINE('',#4531,#1013);
#720=LINE('',#4569,#1014);
#721=LINE('',#4572,#1015);
#722=LINE('',#4591,#1016);
#723=LINE('',#4592,#1017);
#724=LINE('',#4595,#1018);
#725=LINE('',#4597,#1019);
#726=LINE('',#4598,#1020);
#727=LINE('',#4601,#1021);
#728=LINE('',#4608,#1022);
#729=LINE('',#4611,#1023);
#730=LINE('',#4616,#1024);
#731=LINE('',#4622,#1025);
#732=LINE('',#4628,#1026);
#733=LINE('',#4634,#1027);
#734=LINE('',#4639,#1028);
#735=LINE('',#4641,#1029);
#736=LINE('',#4645,#1030);
#737=LINE('',#4647,#1031);
#738=LINE('',#4649,#1032);
#739=LINE('',#4650,#1033);
#740=LINE('',#4654,#1034);
#741=LINE('',#4655,#1035);
#742=LINE('',#4656,#1036);
#743=LINE('',#4660,#1037);
#744=LINE('',#4663,#1038);
#745=LINE('',#4664,#1039);
#746=LINE('',#4674,#1040);
#747=LINE('',#4682,#1041);
#748=LINE('',#4690,#1042);
#749=LINE('',#4698,#1043);
#750=LINE('',#4703,#1044);
#751=LINE('',#4705,#1045);
#752=LINE('',#4707,#1046);
#753=LINE('',#4708,#1047);
#754=LINE('',#4724,#1048);
#755=LINE('',#4728,#1049);
#756=LINE('',#4732,#1050);
#757=LINE('',#4743,#1051);
#758=LINE('',#4754,#1052);
#759=LINE('',#4758,#1053);
#760=LINE('',#4765,#1054);
#761=LINE('',#4770,#1055);
#762=LINE('',#4774,#1056);
#763=LINE('',#4778,#1057);
#764=LINE('',#4782,#1058);
#765=LINE('',#4786,#1059);
#766=LINE('',#4789,#1060);
#767=LINE('',#4792,#1061);
#768=LINE('',#4793,#1062);
#769=LINE('',#4797,#1063);
#770=LINE('',#4799,#1064);
#771=LINE('',#4801,#1065);
#772=LINE('',#4802,#1066);
#773=LINE('',#4806,#1067);
#774=LINE('',#4811,#1068);
#775=LINE('',#4813,#1069);
#776=LINE('',#4814,#1070);
#777=LINE('',#4817,#1071);
#778=LINE('',#4818,#1072);
#779=LINE('',#4821,#1073);
#780=LINE('',#4822,#1074);
#781=LINE('',#4825,#1075);
#782=LINE('',#4826,#1076);
#783=LINE('',#4828,#1077);
#784=LINE('',#4831,#1078);
#785=LINE('',#4834,#1079);
#786=LINE('',#4836,#1080);
#787=LINE('',#4839,#1081);
#788=LINE('',#4840,#1082);
#789=LINE('',#4842,#1083);
#790=LINE('',#4843,#1084);
#791=LINE('',#4845,#1085);
#792=LINE('',#4848,#1086);
#793=LINE('',#4850,#1087);
#794=LINE('',#4851,#1088);
#795=LINE('',#4854,#1089);
#796=LINE('',#4856,#1090);
#797=LINE('',#4858,#1091);
#798=LINE('',#4860,#1092);
#799=LINE('',#4861,#1093);
#800=LINE('',#4863,#1094);
#801=LINE('',#4865,#1095);
#802=LINE('',#4867,#1096);
#803=LINE('',#4869,#1097);
#804=LINE('',#4870,#1098);
#805=LINE('',#4883,#1099);
#806=LINE('',#4889,#1100);
#807=LINE('',#4894,#1101);
#808=LINE('',#4896,#1102);
#809=LINE('',#4898,#1103);
#810=LINE('',#4899,#1104);
#811=LINE('',#4902,#1105);
#812=LINE('',#4904,#1106);
#813=LINE('',#4905,#1107);
#814=LINE('',#4908,#1108);
#815=LINE('',#4910,#1109);
#816=LINE('',#4911,#1110);
#817=LINE('',#4913,#1111);
#818=LINE('',#4914,#1112);
#819=LINE('',#4918,#1113);
#820=LINE('',#4920,#1114);
#821=LINE('',#4922,#1115);
#822=LINE('',#4923,#1116);
#823=LINE('',#4926,#1117);
#824=LINE('',#4928,#1118);
#825=LINE('',#4929,#1119);
#826=LINE('',#4932,#1120);
#827=LINE('',#4934,#1121);
#828=LINE('',#4935,#1122);
#829=LINE('',#4937,#1123);
#830=LINE('',#4938,#1124);
#831=LINE('',#4941,#1125);
#832=LINE('',#4942,#1126);
#833=LINE('',#4962,#1127);
#834=LINE('',#4966,#1128);
#835=LINE('',#4970,#1129);
#836=LINE('',#4974,#1130);
#837=LINE('',#4976,#1131);
#838=LINE('',#4978,#1132);
#839=LINE('',#4980,#1133);
#840=LINE('',#4981,#1134);
#841=LINE('',#4983,#1135);
#842=LINE('',#4985,#1136);
#843=LINE('',#4996,#1137);
#844=LINE('',#4998,#1138);
#845=LINE('',#5004,#1139);
#846=LINE('',#5013,#1140);
#847=LINE('',#5022,#1141);
#848=LINE('',#5031,#1142);
#849=LINE('',#5044,#1143);
#850=LINE('',#5049,#1144);
#851=LINE('',#5051,#1145);
#852=LINE('',#5053,#1146);
#853=LINE('',#5054,#1147);
#854=LINE('',#5058,#1148);
#855=LINE('',#5059,#1149);
#856=LINE('',#5060,#1150);
#857=LINE('',#5064,#1151);
#858=LINE('',#5065,#1152);
#859=LINE('',#5066,#1153);
#860=LINE('',#5068,#1154);
#861=LINE('',#5069,#1155);
#862=LINE('',#5073,#1156);
#863=LINE('',#5075,#1157);
#864=LINE('',#5077,#1158);
#865=LINE('',#5078,#1159);
#866=LINE('',#5082,#1160);
#867=LINE('',#5084,#1161);
#868=LINE('',#5086,#1162);
#869=LINE('',#5087,#1163);
#870=LINE('',#5091,#1164);
#871=LINE('',#5093,#1165);
#872=LINE('',#5095,#1166);
#873=LINE('',#5096,#1167);
#874=LINE('',#5097,#1168);
#875=LINE('',#5100,#1169);
#876=LINE('',#5101,#1170);
#877=LINE('',#5104,#1171);
#878=LINE('',#5105,#1172);
#879=LINE('',#5109,#1173);
#880=LINE('',#5111,#1174);
#881=LINE('',#5113,#1175);
#882=LINE('',#5115,#1176);
#883=LINE('',#5117,#1177);
#884=LINE('',#5119,#1178);
#885=LINE('',#5121,#1179);
#886=LINE('',#5122,#1180);
#887=LINE('',#5127,#1181);
#888=LINE('',#5129,#1182);
#889=LINE('',#5132,#1183);
#890=LINE('',#5134,#1184);
#891=LINE('',#5135,#1185);
#892=LINE('',#5138,#1186);
#893=LINE('',#5140,#1187);
#894=LINE('',#5141,#1188);
#895=LINE('',#5144,#1189);
#896=LINE('',#5145,#1190);
#897=LINE('',#5148,#1191);
#898=LINE('',#5149,#1192);
#899=LINE('',#5151,#1193);
#900=LINE('',#5153,#1194);
#901=LINE('',#5154,#1195);
#902=LINE('',#5157,#1196);
#903=LINE('',#5158,#1197);
#904=LINE('',#5161,#1198);
#905=LINE('',#5162,#1199);
#906=LINE('',#5165,#1200);
#907=LINE('',#5166,#1201);
#908=LINE('',#5169,#1202);
#909=LINE('',#5170,#1203);
#910=LINE('',#5173,#1204);
#911=LINE('',#5175,#1205);
#912=LINE('',#5176,#1206);
#913=LINE('',#5179,#1207);
#914=LINE('',#5180,#1208);
#915=LINE('',#5183,#1209);
#916=LINE('',#5184,#1210);
#917=LINE('',#5187,#1211);
#918=LINE('',#5188,#1212);
#919=LINE('',#5189,#1213);
#920=LINE('',#5191,#1214);
#921=LINE('',#5193,#1215);
#922=LINE('',#5200,#1216);
#923=LINE('',#5206,#1217);
#924=LINE('',#5214,#1218);
#925=LINE('',#5220,#1219);
#926=LINE('',#5228,#1220);
#927=LINE('',#5234,#1221);
#928=LINE('',#5242,#1222);
#929=LINE('',#5248,#1223);
#930=VECTOR('',#3429,1.95);
#931=VECTOR('',#3436,1.95);
#932=VECTOR('',#3443,1.35);
#933=VECTOR('',#3452,1.35);
#934=VECTOR('',#3461,1.35);
#935=VECTOR('',#3470,1.35);
#936=VECTOR('',#3477,10.);
#937=VECTOR('',#3478,10.);
#938=VECTOR('',#3479,10.);
#939=VECTOR('',#3480,10.);
#940=VECTOR('',#3483,10.);
#941=VECTOR('',#3484,10.);
#942=VECTOR('',#3485,10.);
#943=VECTOR('',#3486,10.);
#944=VECTOR('',#3487,10.);
#945=VECTOR('',#3490,10.);
#946=VECTOR('',#3491,10.);
#947=VECTOR('',#3492,10.);
#948=VECTOR('',#3493,10.);
#949=VECTOR('',#3496,10.);
#950=VECTOR('',#3497,10.);
#951=VECTOR('',#3498,10.);
#952=VECTOR('',#3501,10.);
#953=VECTOR('',#3502,10.);
#954=VECTOR('',#3503,10.);
#955=VECTOR('',#3506,10.);
#956=VECTOR('',#3507,10.);
#957=VECTOR('',#3508,10.);
#958=VECTOR('',#3511,10.);
#959=VECTOR('',#3512,10.);
#960=VECTOR('',#3513,10.);
#961=VECTOR('',#3516,10.);
#962=VECTOR('',#3517,10.);
#963=VECTOR('',#3518,10.);
#964=VECTOR('',#3521,10.);
#965=VECTOR('',#3522,10.);
#966=VECTOR('',#3525,10.);
#967=VECTOR('',#3526,10.);
#968=VECTOR('',#3531,10.);
#969=VECTOR('',#3532,10.);
#970=VECTOR('',#3533,10.);
#971=VECTOR('',#3534,10.);
#972=VECTOR('',#3535,10.);
#973=VECTOR('',#3536,10.);
#974=VECTOR('',#3537,10.);
#975=VECTOR('',#3538,10.);
#976=VECTOR('',#3539,10.);
#977=VECTOR('',#3540,10.);
#978=VECTOR('',#3541,10.);
#979=VECTOR('',#3542,10.);
#980=VECTOR('',#3543,10.);
#981=VECTOR('',#3544,10.);
#982=VECTOR('',#3545,10.);
#983=VECTOR('',#3552,10.);
#984=VECTOR('',#3553,10.);
#985=VECTOR('',#3554,10.);
#986=VECTOR('',#3557,10.);
#987=VECTOR('',#3558,10.);
#988=VECTOR('',#3561,10.);
#989=VECTOR('',#3562,10.);
#990=VECTOR('',#3565,10.);
#991=VECTOR('',#3568,10.);
#992=VECTOR('',#3569,10.);
#993=VECTOR('',#3572,10.);
#994=VECTOR('',#3573,10.);
#995=VECTOR('',#3576,10.);
#996=VECTOR('',#3577,10.);
#997=VECTOR('',#3580,10.);
#998=VECTOR('',#3581,10.);
#999=VECTOR('',#3584,10.);
#1000=VECTOR('',#3585,10.);
#1001=VECTOR('',#3588,10.);
#1002=VECTOR('',#3589,10.);
#1003=VECTOR('',#3590,10.);
#1004=VECTOR('',#3591,10.);
#1005=VECTOR('',#3592,10.);
#1006=VECTOR('',#3593,10.);
#1007=VECTOR('',#3600,10.);
#1008=VECTOR('',#3603,10.);
#1009=VECTOR('',#3606,10.);
#1010=VECTOR('',#3609,10.);
#1011=VECTOR('',#3612,10.);
#1012=VECTOR('',#3617,1.95);
#1013=VECTOR('',#3620,1.95);
#1014=VECTOR('',#3629,10.);
#1015=VECTOR('',#3632,10.);
#1016=VECTOR('',#3641,10.);
#1017=VECTOR('',#3642,10.);
#1018=VECTOR('',#3645,10.);
#1019=VECTOR('',#3646,10.);
#1020=VECTOR('',#3647,10.);
#1021=VECTOR('',#3650,10.);
#1022=VECTOR('',#3657,10.);
#1023=VECTOR('',#3660,10.);
#1024=VECTOR('',#3665,4.);
#1025=VECTOR('',#3672,4.);
#1026=VECTOR('',#3679,4.);
#1027=VECTOR('',#3686,4.);
#1028=VECTOR('',#3693,10.);
#1029=VECTOR('',#3696,10.);
#1030=VECTOR('',#3699,10.);
#1031=VECTOR('',#3700,10.);
#1032=VECTOR('',#3701,10.);
#1033=VECTOR('',#3702,10.);
#1034=VECTOR('',#3705,10.);
#1035=VECTOR('',#3706,10.);
#1036=VECTOR('',#3707,10.);
#1037=VECTOR('',#3712,10.);
#1038=VECTOR('',#3715,10.);
#1039=VECTOR('',#3716,10.);
#1040=VECTOR('',#3731,3.5);
#1041=VECTOR('',#3742,3.5);
#1042=VECTOR('',#3753,3.5);
#1043=VECTOR('',#3764,3.5);
#1044=VECTOR('',#3769,10.);
#1045=VECTOR('',#3770,10.);
#1046=VECTOR('',#3771,10.);
#1047=VECTOR('',#3772,10.);
#1048=VECTOR('',#3793,1.95);
#1049=VECTOR('',#3798,1.95);
#1050=VECTOR('',#3801,10.);
#1051=VECTOR('',#3802,10.);
#1052=VECTOR('',#3805,10.);
#1053=VECTOR('',#3808,10.);
#1054=VECTOR('',#3815,10.);
#1055=VECTOR('',#3820,10.);
#1056=VECTOR('',#3823,10.);
#1057=VECTOR('',#3826,10.);
#1058=VECTOR('',#3831,10.);
#1059=VECTOR('',#3834,10.);
#1060=VECTOR('',#3839,10.);
#1061=VECTOR('',#3842,10.);
#1062=VECTOR('',#3843,10.);
#1063=VECTOR('',#3846,10.);
#1064=VECTOR('',#3847,10.);
#1065=VECTOR('',#3848,10.);
#1066=VECTOR('',#3849,10.);
#1067=VECTOR('',#3852,10.);
#1068=VECTOR('',#3859,10.);
#1069=VECTOR('',#3860,10.);
#1070=VECTOR('',#3861,10.);
#1071=VECTOR('',#3864,10.);
#1072=VECTOR('',#3865,10.);
#1073=VECTOR('',#3868,10.);
#1074=VECTOR('',#3869,10.);
#1075=VECTOR('',#3872,10.);
#1076=VECTOR('',#3873,10.);
#1077=VECTOR('',#3874,10.);
#1078=VECTOR('',#3877,10.);
#1079=VECTOR('',#3880,10.);
#1080=VECTOR('',#3881,10.);
#1081=VECTOR('',#3886,10.);
#1082=VECTOR('',#3887,10.);
#1083=VECTOR('',#3890,10.);
#1084=VECTOR('',#3891,10.);
#1085=VECTOR('',#3894,10.);
#1086=VECTOR('',#3897,10.);
#1087=VECTOR('',#3898,10.);
#1088=VECTOR('',#3899,10.);
#1089=VECTOR('',#3902,10.);
#1090=VECTOR('',#3903,10.);
#1091=VECTOR('',#3904,10.);
#1092=VECTOR('',#3905,10.);
#1093=VECTOR('',#3906,10.);
#1094=VECTOR('',#3907,10.);
#1095=VECTOR('',#3908,10.);
#1096=VECTOR('',#3909,10.);
#1097=VECTOR('',#3910,10.);
#1098=VECTOR('',#3911,10.);
#1099=VECTOR('',#3924,0.775000000000001);
#1100=VECTOR('',#3931,0.774999999999999);
#1101=VECTOR('',#3936,10.);
#1102=VECTOR('',#3937,10.);
#1103=VECTOR('',#3938,10.);
#1104=VECTOR('',#3939,10.);
#1105=VECTOR('',#3942,10.);
#1106=VECTOR('',#3943,10.);
#1107=VECTOR('',#3944,10.);
#1108=VECTOR('',#3947,10.);
#1109=VECTOR('',#3948,10.);
#1110=VECTOR('',#3949,10.);
#1111=VECTOR('',#3952,10.);
#1112=VECTOR('',#3953,10.);
#1113=VECTOR('',#3956,10.);
#1114=VECTOR('',#3957,10.);
#1115=VECTOR('',#3958,10.);
#1116=VECTOR('',#3959,10.);
#1117=VECTOR('',#3962,10.);
#1118=VECTOR('',#3963,10.);
#1119=VECTOR('',#3964,10.);
#1120=VECTOR('',#3967,10.);
#1121=VECTOR('',#3968,10.);
#1122=VECTOR('',#3969,10.);
#1123=VECTOR('',#3972,10.);
#1124=VECTOR('',#3973,10.);
#1125=VECTOR('',#3978,10.);
#1126=VECTOR('',#3979,10.);
#1127=VECTOR('',#4004,3.24999999999999);
#1128=VECTOR('',#4009,3.24999999999999);
#1129=VECTOR('',#4014,3.24999999999999);
#1130=VECTOR('',#4019,3.24999999999999);
#1131=VECTOR('',#4022,1.95);
#1132=VECTOR('',#4025,1.95);
#1133=VECTOR('',#4028,10.);
#1134=VECTOR('',#4029,10.);
#1135=VECTOR('',#4032,10.);
#1136=VECTOR('',#4035,10.);
#1137=VECTOR('',#4056,10.);
#1138=VECTOR('',#4059,10.);
#1139=VECTOR('',#4066,2.125);
#1140=VECTOR('',#4077,2.125);
#1141=VECTOR('',#4088,2.125);
#1142=VECTOR('',#4099,2.125);
#1143=VECTOR('',#4116,1.95);
#1144=VECTOR('',#4121,10.);
#1145=VECTOR('',#4122,10.);
#1146=VECTOR('',#4123,10.);
#1147=VECTOR('',#4124,10.);
#1148=VECTOR('',#4127,10.);
#1149=VECTOR('',#4128,10.);
#1150=VECTOR('',#4129,10.);
#1151=VECTOR('',#4132,10.);
#1152=VECTOR('',#4133,10.);
#1153=VECTOR('',#4134,10.);
#1154=VECTOR('',#4137,10.);
#1155=VECTOR('',#4138,10.);
#1156=VECTOR('',#4141,10.);
#1157=VECTOR('',#4142,10.);
#1158=VECTOR('',#4143,10.);
#1159=VECTOR('',#4144,10.);
#1160=VECTOR('',#4147,10.);
#1161=VECTOR('',#4148,10.);
#1162=VECTOR('',#4149,10.);
#1163=VECTOR('',#4150,10.);
#1164=VECTOR('',#4153,10.);
#1165=VECTOR('',#4154,10.);
#1166=VECTOR('',#4155,10.);
#1167=VECTOR('',#4156,10.);
#1168=VECTOR('',#4157,10.);
#1169=VECTOR('',#4160,10.);
#1170=VECTOR('',#4161,10.);
#1171=VECTOR('',#4164,10.);
#1172=VECTOR('',#4165,10.);
#1173=VECTOR('',#4168,10.);
#1174=VECTOR('',#4169,10.);
#1175=VECTOR('',#4170,10.);
#1176=VECTOR('',#4171,10.);
#1177=VECTOR('',#4172,10.);
#1178=VECTOR('',#4173,10.);
#1179=VECTOR('',#4174,10.);
#1180=VECTOR('',#4175,10.);
#1181=VECTOR('',#4182,1.95);
#1182=VECTOR('',#4185,1.95);
#1183=VECTOR('',#4188,10.);
#1184=VECTOR('',#4189,10.);
#1185=VECTOR('',#4190,10.);
#1186=VECTOR('',#4193,10.);
#1187=VECTOR('',#4194,10.);
#1188=VECTOR('',#4195,10.);
#1189=VECTOR('',#4198,10.);
#1190=VECTOR('',#4199,10.);
#1191=VECTOR('',#4202,10.);
#1192=VECTOR('',#4203,10.);
#1193=VECTOR('',#4206,10.);
#1194=VECTOR('',#4207,10.);
#1195=VECTOR('',#4208,10.);
#1196=VECTOR('',#4211,10.);
#1197=VECTOR('',#4212,10.);
#1198=VECTOR('',#4215,10.);
#1199=VECTOR('',#4216,10.);
#1200=VECTOR('',#4219,10.);
#1201=VECTOR('',#4220,10.);
#1202=VECTOR('',#4223,10.);
#1203=VECTOR('',#4224,10.);
#1204=VECTOR('',#4227,10.);
#1205=VECTOR('',#4228,10.);
#1206=VECTOR('',#4229,10.);
#1207=VECTOR('',#4232,10.);
#1208=VECTOR('',#4233,10.);
#1209=VECTOR('',#4236,10.);
#1210=VECTOR('',#4237,10.);
#1211=VECTOR('',#4240,10.);
#1212=VECTOR('',#4241,10.);
#1213=VECTOR('',#4242,10.);
#1214=VECTOR('',#4245,10.);
#1215=VECTOR('',#4248,1.95);
#1216=VECTOR('',#4257,1.99999999999999);
#1217=VECTOR('',#4264,3.00000000000001);
#1218=VECTOR('',#4275,1.99999999999999);
#1219=VECTOR('',#4282,3.);
#1220=VECTOR('',#4293,1.99999999999999);
#1221=VECTOR('',#4300,2.99999999999999);
#1222=VECTOR('',#4311,1.99999999999999);
#1223=VECTOR('',#4318,3.);
#1224=CIRCLE('',#3121,1.95);
#1225=CIRCLE('',#3122,1.95);
#1226=CIRCLE('',#3124,1.95);
#1227=CIRCLE('',#3125,1.95);
#1228=CIRCLE('',#3127,1.35);
#1229=CIRCLE('',#3128,1.35);
#1230=CIRCLE('',#3131,1.35);
#1231=CIRCLE('',#3132,1.35);
#1232=CIRCLE('',#3135,1.35);
#1233=CIRCLE('',#3136,1.35);
#1234=CIRCLE('',#3139,1.35);
#1235=CIRCLE('',#3140,1.35);
#1236=CIRCLE('',#3154,1.95);
#1237=CIRCLE('',#3155,1.95);
#1238=CIRCLE('',#3166,1.95);
#1239=CIRCLE('',#3167,1.95);
#1240=CIRCLE('',#3177,8.5);
#1241=CIRCLE('',#3178,7.5);
#1242=CIRCLE('',#3180,1.);
#1243=CIRCLE('',#3182,0.999999999999996);
#1244=CIRCLE('',#3183,2.);
#1245=CIRCLE('',#3187,7.5);
#1246=CIRCLE('',#3189,2.5);
#1247=CIRCLE('',#3190,10.);
#1248=CIRCLE('',#3192,4.);
#1249=CIRCLE('',#3193,4.);
#1250=CIRCLE('',#3195,4.);
#1251=CIRCLE('',#3196,4.);
#1252=CIRCLE('',#3198,4.);
#1253=CIRCLE('',#3199,4.);
#1254=CIRCLE('',#3201,4.);
#1255=CIRCLE('',#3202,4.);
#1256=CIRCLE('',#3204,0.999999999999996);
#1257=CIRCLE('',#3209,2.5);
#1258=CIRCLE('',#3212,10.);
#1259=CIRCLE('',#3215,0.5);
#1260=CIRCLE('',#3216,3.5);
#1261=CIRCLE('',#3218,3.5);
#1262=CIRCLE('',#3220,0.5);
#1263=CIRCLE('',#3221,3.5);
#1264=CIRCLE('',#3223,3.5);
#1265=CIRCLE('',#3225,0.5);
#1266=CIRCLE('',#3226,3.5);
#1267=CIRCLE('',#3228,3.5);
#1268=CIRCLE('',#3230,0.5);
#1269=CIRCLE('',#3231,3.5);
#1270=CIRCLE('',#3233,3.5);
#1271=CIRCLE('',#3236,1.95);
#1272=CIRCLE('',#3238,1.95);
#1273=CIRCLE('',#3240,1.95);
#1274=CIRCLE('',#3242,1.95);
#1275=CIRCLE('',#3244,1.95);
#1276=CIRCLE('',#3246,1.95);
#1277=CIRCLE('',#3249,15.);
#1278=CIRCLE('',#3250,15.);
#1279=CIRCLE('',#3252,4.);
#1280=CIRCLE('',#3253,4.);
#1281=CIRCLE('',#3254,4.);
#1282=CIRCLE('',#3256,4.);
#1283=CIRCLE('',#3257,4.);
#1284=CIRCLE('',#3259,6.);
#1285=CIRCLE('',#3260,6.);
#1286=CIRCLE('',#3265,2.);
#1287=CIRCLE('',#3266,2.);
#1288=CIRCLE('',#3271,4.);
#1289=CIRCLE('',#3273,4.);
#1290=CIRCLE('',#3279,4.24999999999999);
#1291=CIRCLE('',#3280,4.24999999999999);
#1292=CIRCLE('',#3281,4.24999999999999);
#1293=CIRCLE('',#3282,4.24999999999999);
#1294=CIRCLE('',#3284,0.775000000000001);
#1295=CIRCLE('',#3285,0.775000000000001);
#1296=CIRCLE('',#3287,0.774999999999999);
#1297=CIRCLE('',#3288,0.774999999999999);
#1298=CIRCLE('',#3300,3.24999999999999);
#1299=CIRCLE('',#3302,3.24999999999999);
#1300=CIRCLE('',#3304,3.24999999999999);
#1301=CIRCLE('',#3305,1.95);
#1302=CIRCLE('',#3307,3.24999999999999);
#1303=CIRCLE('',#3308,1.95);
#1304=CIRCLE('',#3310,3.24999999999999);
#1305=CIRCLE('',#3312,3.24999999999999);
#1306=CIRCLE('',#3314,3.24999999999999);
#1307=CIRCLE('',#3316,3.24999999999999);
#1308=CIRCLE('',#3323,1.);
#1309=CIRCLE('',#3325,1.);
#1310=CIRCLE('',#3327,1.);
#1311=CIRCLE('',#3329,1.);
#1312=CIRCLE('',#3335,2.125);
#1313=CIRCLE('',#3336,2.125);
#1314=CIRCLE('',#3338,1.95);
#1315=CIRCLE('',#3340,2.125);
#1316=CIRCLE('',#3341,2.125);
#1317=CIRCLE('',#3343,1.95);
#1318=CIRCLE('',#3345,2.125);
#1319=CIRCLE('',#3346,2.125);
#1320=CIRCLE('',#3348,1.95);
#1321=CIRCLE('',#3350,2.125);
#1322=CIRCLE('',#3351,2.125);
#1323=CIRCLE('',#3353,1.95);
#1324=CIRCLE('',#3355,1.95);
#1325=CIRCLE('',#3357,1.95);
#1326=CIRCLE('',#3359,1.95);
#1327=CIRCLE('',#3371,1.95);
#1328=CIRCLE('',#3392,1.99999999999999);
#1329=CIRCLE('',#3393,1.99999999999999);
#1330=CIRCLE('',#3395,3.00000000000001);
#1331=CIRCLE('',#3396,3.00000000000001);
#1332=CIRCLE('',#3400,1.99999999999999);
#1333=CIRCLE('',#3401,1.99999999999999);
#1334=CIRCLE('',#3403,3.);
#1335=CIRCLE('',#3404,3.);
#1336=CIRCLE('',#3408,1.99999999999999);
#1337=CIRCLE('',#3409,1.99999999999999);
#1338=CIRCLE('',#3411,2.99999999999999);
#1339=CIRCLE('',#3412,2.99999999999999);
#1340=CIRCLE('',#3416,1.99999999999999);
#1341=CIRCLE('',#3417,1.99999999999999);
#1342=CIRCLE('',#3419,3.);
#1343=CIRCLE('',#3420,3.);
#1344=VERTEX_POINT('',#4327);
#1345=VERTEX_POINT('',#4329);
#1346=VERTEX_POINT('',#4333);
#1347=VERTEX_POINT('',#4335);
#1348=VERTEX_POINT('',#4339);
#1349=VERTEX_POINT('',#4341);
#1350=VERTEX_POINT('',#4346);
#1351=VERTEX_POINT('',#4348);
#1352=VERTEX_POINT('',#4353);
#1353=VERTEX_POINT('',#4355);
#1354=VERTEX_POINT('',#4360);
#1355=VERTEX_POINT('',#4362);
#1356=VERTEX_POINT('',#4367);
#1357=VERTEX_POINT('',#4368);
#1358=VERTEX_POINT('',#4370);
#1359=VERTEX_POINT('',#4372);
#1360=VERTEX_POINT('',#4376);
#1361=VERTEX_POINT('',#4377);
#1362=VERTEX_POINT('',#4379);
#1363=VERTEX_POINT('',#4381);
#1364=VERTEX_POINT('',#4383);
#1365=VERTEX_POINT('',#4387);
#1366=VERTEX_POINT('',#4389);
#1367=VERTEX_POINT('',#4391);
#1368=VERTEX_POINT('',#4395);
#1369=VERTEX_POINT('',#4397);
#1370=VERTEX_POINT('',#4401);
#1371=VERTEX_POINT('',#4403);
#1372=VERTEX_POINT('',#4407);
#1373=VERTEX_POINT('',#4409);
#1374=VERTEX_POINT('',#4413);
#1375=VERTEX_POINT('',#4415);
#1376=VERTEX_POINT('',#4419);
#1377=VERTEX_POINT('',#4421);
#1378=VERTEX_POINT('',#4428);
#1379=VERTEX_POINT('',#4433);
#1380=VERTEX_POINT('',#4434);
#1381=VERTEX_POINT('',#4436);
#1382=VERTEX_POINT('',#4438);
#1383=VERTEX_POINT('',#4441);
#1384=VERTEX_POINT('',#4443);
#1385=VERTEX_POINT('',#4445);
#1386=VERTEX_POINT('',#4447);
#1387=VERTEX_POINT('',#4449);
#1388=VERTEX_POINT('',#4451);
#1389=VERTEX_POINT('',#4453);
#1390=VERTEX_POINT('',#4455);
#1391=VERTEX_POINT('',#4457);
#1392=VERTEX_POINT('',#4459);
#1393=VERTEX_POINT('',#4462);
#1394=VERTEX_POINT('',#4464);
#1395=VERTEX_POINT('',#4467);
#1396=VERTEX_POINT('',#4468);
#1397=VERTEX_POINT('',#4473);
#1398=VERTEX_POINT('',#4477);
#1399=VERTEX_POINT('',#4483);
#1400=VERTEX_POINT('',#4487);
#1401=VERTEX_POINT('',#4491);
#1402=VERTEX_POINT('',#4495);
#1403=VERTEX_POINT('',#4499);
#1404=VERTEX_POINT('',#4503);
#1405=VERTEX_POINT('',#4506);
#1406=VERTEX_POINT('',#4508);
#1407=VERTEX_POINT('',#4510);
#1408=VERTEX_POINT('',#4513);
#1409=VERTEX_POINT('',#4515);
#1410=VERTEX_POINT('',#4533);
#1411=VERTEX_POINT('',#4534);
#1412=VERTEX_POINT('',#4536);
#1413=VERTEX_POINT('',#4551);
#1414=VERTEX_POINT('',#4568);
#1415=VERTEX_POINT('',#4570);
#1416=VERTEX_POINT('',#4574);
#1417=VERTEX_POINT('',#4576);
#1418=VERTEX_POINT('',#4594);
#1419=VERTEX_POINT('',#4596);
#1420=VERTEX_POINT('',#4600);
#1421=VERTEX_POINT('',#4604);
#1422=VERTEX_POINT('',#4605);
#1423=VERTEX_POINT('',#4607);
#1424=VERTEX_POINT('',#4609);
#1425=VERTEX_POINT('',#4613);
#1426=VERTEX_POINT('',#4615);
#1427=VERTEX_POINT('',#4619);
#1428=VERTEX_POINT('',#4621);
#1429=VERTEX_POINT('',#4625);
#1430=VERTEX_POINT('',#4627);
#1431=VERTEX_POINT('',#4631);
#1432=VERTEX_POINT('',#4633);
#1433=VERTEX_POINT('',#4637);
#1434=VERTEX_POINT('',#4643);
#1435=VERTEX_POINT('',#4644);
#1436=VERTEX_POINT('',#4646);
#1437=VERTEX_POINT('',#4648);
#1438=VERTEX_POINT('',#4652);
#1439=VERTEX_POINT('',#4653);
#1440=VERTEX_POINT('',#4658);
#1441=VERTEX_POINT('',#4662);
#1442=VERTEX_POINT('',#4669);
#1443=VERTEX_POINT('',#4673);
#1444=VERTEX_POINT('',#4677);
#1445=VERTEX_POINT('',#4681);
#1446=VERTEX_POINT('',#4685);
#1447=VERTEX_POINT('',#4689);
#1448=VERTEX_POINT('',#4693);
#1449=VERTEX_POINT('',#4697);
#1450=VERTEX_POINT('',#4701);
#1451=VERTEX_POINT('',#4702);
#1452=VERTEX_POINT('',#4704);
#1453=VERTEX_POINT('',#4706);
#1454=VERTEX_POINT('',#4710);
#1455=VERTEX_POINT('',#4713);
#1456=VERTEX_POINT('',#4716);
#1457=VERTEX_POINT('',#4719);
#1458=VERTEX_POINT('',#4722);
#1459=VERTEX_POINT('',#4726);
#1460=VERTEX_POINT('',#4730);
#1461=VERTEX_POINT('',#4731);
#1462=VERTEX_POINT('',#4733);
#1463=VERTEX_POINT('',#4742);
#1464=VERTEX_POINT('',#4753);
#1465=VERTEX_POINT('',#4755);
#1466=VERTEX_POINT('',#4757);
#1467=VERTEX_POINT('',#4761);
#1468=VERTEX_POINT('',#4762);
#1469=VERTEX_POINT('',#4764);
#1470=VERTEX_POINT('',#4766);
#1471=VERTEX_POINT('',#4768);
#1472=VERTEX_POINT('',#4772);
#1473=VERTEX_POINT('',#4773);
#1474=VERTEX_POINT('',#4775);
#1475=VERTEX_POINT('',#4777);
#1476=VERTEX_POINT('',#4781);
#1477=VERTEX_POINT('',#4783);
#1478=VERTEX_POINT('',#4785);
#1479=VERTEX_POINT('',#4791);
#1480=VERTEX_POINT('',#4795);
#1481=VERTEX_POINT('',#4796);
#1482=VERTEX_POINT('',#4798);
#1483=VERTEX_POINT('',#4800);
#1484=VERTEX_POINT('',#4804);
#1485=VERTEX_POINT('',#4805);
#1486=VERTEX_POINT('',#4810);
#1487=VERTEX_POINT('',#4812);
#1488=VERTEX_POINT('',#4816);
#1489=VERTEX_POINT('',#4820);
#1490=VERTEX_POINT('',#4824);
#1491=VERTEX_POINT('',#4827);
#1492=VERTEX_POINT('',#4829);
#1493=VERTEX_POINT('',#4833);
#1494=VERTEX_POINT('',#4835);
#1495=VERTEX_POINT('',#4847);
#1496=VERTEX_POINT('',#4849);
#1497=VERTEX_POINT('',#4853);
#1498=VERTEX_POINT('',#4855);
#1499=VERTEX_POINT('',#4857);
#1500=VERTEX_POINT('',#4859);
#1501=VERTEX_POINT('',#4862);
#1502=VERTEX_POINT('',#4864);
#1503=VERTEX_POINT('',#4866);
#1504=VERTEX_POINT('',#4868);
#1505=VERTEX_POINT('',#4871);
#1506=VERTEX_POINT('',#4873);
#1507=VERTEX_POINT('',#4875);
#1508=VERTEX_POINT('',#4877);
#1509=VERTEX_POINT('',#4880);
#1510=VERTEX_POINT('',#4882);
#1511=VERTEX_POINT('',#4886);
#1512=VERTEX_POINT('',#4888);
#1513=VERTEX_POINT('',#4892);
#1514=VERTEX_POINT('',#4893);
#1515=VERTEX_POINT('',#4895);
#1516=VERTEX_POINT('',#4897);
#1517=VERTEX_POINT('',#4901);
#1518=VERTEX_POINT('',#4903);
#1519=VERTEX_POINT('',#4907);
#1520=VERTEX_POINT('',#4909);
#1521=VERTEX_POINT('',#4916);
#1522=VERTEX_POINT('',#4917);
#1523=VERTEX_POINT('',#4919);
#1524=VERTEX_POINT('',#4921);
#1525=VERTEX_POINT('',#4925);
#1526=VERTEX_POINT('',#4927);
#1527=VERTEX_POINT('',#4931);
#1528=VERTEX_POINT('',#4933);
#1529=VERTEX_POINT('',#4944);
#1530=VERTEX_POINT('',#4947);
#1531=VERTEX_POINT('',#4950);
#1532=VERTEX_POINT('',#4952);
#1533=VERTEX_POINT('',#4955);
#1534=VERTEX_POINT('',#4957);
#1535=VERTEX_POINT('',#4960);
#1536=VERTEX_POINT('',#4964);
#1537=VERTEX_POINT('',#4968);
#1538=VERTEX_POINT('',#4972);
#1539=VERTEX_POINT('',#5001);
#1540=VERTEX_POINT('',#5003);
#1541=VERTEX_POINT('',#5007);
#1542=VERTEX_POINT('',#5010);
#1543=VERTEX_POINT('',#5012);
#1544=VERTEX_POINT('',#5016);
#1545=VERTEX_POINT('',#5019);
#1546=VERTEX_POINT('',#5021);
#1547=VERTEX_POINT('',#5025);
#1548=VERTEX_POINT('',#5028);
#1549=VERTEX_POINT('',#5030);
#1550=VERTEX_POINT('',#5034);
#1551=VERTEX_POINT('',#5037);
#1552=VERTEX_POINT('',#5040);
#1553=VERTEX_POINT('',#5043);
#1554=VERTEX_POINT('',#5047);
#1555=VERTEX_POINT('',#5048);
#1556=VERTEX_POINT('',#5050);
#1557=VERTEX_POINT('',#5052);
#1558=VERTEX_POINT('',#5056);
#1559=VERTEX_POINT('',#5057);
#1560=VERTEX_POINT('',#5062);
#1561=VERTEX_POINT('',#5063);
#1562=VERTEX_POINT('',#5071);
#1563=VERTEX_POINT('',#5072);
#1564=VERTEX_POINT('',#5074);
#1565=VERTEX_POINT('',#5076);
#1566=VERTEX_POINT('',#5080);
#1567=VERTEX_POINT('',#5081);
#1568=VERTEX_POINT('',#5083);
#1569=VERTEX_POINT('',#5085);
#1570=VERTEX_POINT('',#5089);
#1571=VERTEX_POINT('',#5090);
#1572=VERTEX_POINT('',#5092);
#1573=VERTEX_POINT('',#5094);
#1574=VERTEX_POINT('',#5099);
#1575=VERTEX_POINT('',#5103);
#1576=VERTEX_POINT('',#5107);
#1577=VERTEX_POINT('',#5108);
#1578=VERTEX_POINT('',#5110);
#1579=VERTEX_POINT('',#5112);
#1580=VERTEX_POINT('',#5114);
#1581=VERTEX_POINT('',#5116);
#1582=VERTEX_POINT('',#5118);
#1583=VERTEX_POINT('',#5120);
#1584=VERTEX_POINT('',#5124);
#1585=VERTEX_POINT('',#5131);
#1586=VERTEX_POINT('',#5133);
#1587=VERTEX_POINT('',#5137);
#1588=VERTEX_POINT('',#5139);
#1589=VERTEX_POINT('',#5143);
#1590=VERTEX_POINT('',#5147);
#1591=VERTEX_POINT('',#5152);
#1592=VERTEX_POINT('',#5156);
#1593=VERTEX_POINT('',#5160);
#1594=VERTEX_POINT('',#5164);
#1595=VERTEX_POINT('',#5168);
#1596=VERTEX_POINT('',#5172);
#1597=VERTEX_POINT('',#5174);
#1598=VERTEX_POINT('',#5178);
#1599=VERTEX_POINT('',#5182);
#1600=VERTEX_POINT('',#5186);
#1601=VERTEX_POINT('',#5197);
#1602=VERTEX_POINT('',#5199);
#1603=VERTEX_POINT('',#5203);
#1604=VERTEX_POINT('',#5205);
#1605=VERTEX_POINT('',#5211);
#1606=VERTEX_POINT('',#5213);
#1607=VERTEX_POINT('',#5217);
#1608=VERTEX_POINT('',#5219);
#1609=VERTEX_POINT('',#5225);
#1610=VERTEX_POINT('',#5227);
#1611=VERTEX_POINT('',#5231);
#1612=VERTEX_POINT('',#5233);
#1613=VERTEX_POINT('',#5239);
#1614=VERTEX_POINT('',#5241);
#1615=VERTEX_POINT('',#5245);
#1616=VERTEX_POINT('',#5247);
#1617=EDGE_CURVE('',#1344,#1344,#1224,.T.);
#1618=EDGE_CURVE('',#1344,#1345,#636,.T.);
#1619=EDGE_CURVE('',#1345,#1345,#1225,.T.);
#1620=EDGE_CURVE('',#1346,#1346,#1226,.T.);
#1621=EDGE_CURVE('',#1346,#1347,#637,.T.);
#1622=EDGE_CURVE('',#1347,#1347,#1227,.T.);
#1623=EDGE_CURVE('',#1348,#1348,#1228,.T.);
#1624=EDGE_CURVE('',#1348,#1349,#638,.T.);
#1625=EDGE_CURVE('',#1349,#1349,#1229,.T.);
#1626=EDGE_CURVE('',#1350,#1350,#1230,.T.);
#1627=EDGE_CURVE('',#1350,#1351,#639,.T.);
#1628=EDGE_CURVE('',#1351,#1351,#1231,.T.);
#1629=EDGE_CURVE('',#1352,#1352,#1232,.T.);
#1630=EDGE_CURVE('',#1352,#1353,#640,.T.);
#1631=EDGE_CURVE('',#1353,#1353,#1233,.T.);
#1632=EDGE_CURVE('',#1354,#1354,#1234,.T.);
#1633=EDGE_CURVE('',#1354,#1355,#641,.T.);
#1634=EDGE_CURVE('',#1355,#1355,#1235,.T.);
#1635=EDGE_CURVE('',#1356,#1357,#642,.T.);
#1636=EDGE_CURVE('',#1357,#1358,#643,.T.);
#1637=EDGE_CURVE('',#1358,#1359,#644,.T.);
#1638=EDGE_CURVE('',#1359,#1356,#645,.T.);
#1639=EDGE_CURVE('',#1360,#1361,#646,.T.);
#1640=EDGE_CURVE('',#1360,#1362,#647,.T.);
#1641=EDGE_CURVE('',#1363,#1362,#648,.T.);
#1642=EDGE_CURVE('',#1364,#1363,#649,.T.);
#1643=EDGE_CURVE('',#1361,#1364,#650,.T.);
#1644=EDGE_CURVE('',#1364,#1365,#651,.T.);
#1645=EDGE_CURVE('',#1366,#1363,#652,.T.);
#1646=EDGE_CURVE('',#1367,#1366,#653,.T.);
#1647=EDGE_CURVE('',#1365,#1367,#654,.T.);
#1648=EDGE_CURVE('',#1367,#1368,#655,.T.);
#1649=EDGE_CURVE('',#1369,#1366,#656,.T.);
#1650=EDGE_CURVE('',#1368,#1369,#657,.T.);
#1651=EDGE_CURVE('',#1368,#1370,#658,.T.);
#1652=EDGE_CURVE('',#1371,#1369,#659,.T.);
#1653=EDGE_CURVE('',#1370,#1371,#660,.T.);
#1654=EDGE_CURVE('',#1370,#1372,#661,.T.);
#1655=EDGE_CURVE('',#1373,#1371,#662,.T.);
#1656=EDGE_CURVE('',#1372,#1373,#663,.T.);
#1657=EDGE_CURVE('',#1372,#1374,#664,.T.);
#1658=EDGE_CURVE('',#1375,#1373,#665,.T.);
#1659=EDGE_CURVE('',#1374,#1375,#666,.T.);
#1660=EDGE_CURVE('',#1374,#1376,#667,.T.);
#1661=EDGE_CURVE('',#1377,#1375,#668,.T.);
#1662=EDGE_CURVE('',#1376,#1377,#669,.T.);
#1663=EDGE_CURVE('',#1376,#1360,#670,.T.);
#1664=EDGE_CURVE('',#1362,#1377,#671,.T.);
#1665=EDGE_CURVE('',#1378,#1361,#672,.T.);
#1666=EDGE_CURVE('',#1365,#1378,#673,.T.);
#1667=EDGE_CURVE('',#1379,#1380,#674,.T.);
#1668=EDGE_CURVE('',#1380,#1381,#675,.T.);
#1669=EDGE_CURVE('',#1381,#1382,#676,.T.);
#1670=EDGE_CURVE('',#1382,#1359,#677,.T.);
#1671=EDGE_CURVE('',#1383,#1358,#678,.T.);
#1672=EDGE_CURVE('',#1383,#1384,#679,.T.);
#1673=EDGE_CURVE('',#1384,#1385,#680,.T.);
#1674=EDGE_CURVE('',#1385,#1386,#681,.T.);
#1675=EDGE_CURVE('',#1386,#1387,#682,.T.);
#1676=EDGE_CURVE('',#1387,#1388,#683,.T.);
#1677=EDGE_CURVE('',#1388,#1389,#684,.T.);
#1678=EDGE_CURVE('',#1389,#1390,#685,.T.);
#1679=EDGE_CURVE('',#1390,#1391,#686,.T.);
#1680=EDGE_CURVE('',#1391,#1392,#687,.T.);
#1681=EDGE_CURVE('',#1392,#1379,#688,.T.);
#1682=EDGE_CURVE('',#1393,#1393,#1236,.T.);
#1683=EDGE_CURVE('',#1394,#1394,#1237,.T.);
#1684=EDGE_CURVE('',#1395,#1396,#689,.T.);
#1685=EDGE_CURVE('',#1396,#1380,#690,.T.);
#1686=EDGE_CURVE('',#1395,#1379,#691,.T.);
#1687=EDGE_CURVE('',#1396,#1397,#692,.T.);
#1688=EDGE_CURVE('',#1397,#1381,#693,.T.);
#1689=EDGE_CURVE('',#1397,#1398,#694,.T.);
#1690=EDGE_CURVE('',#1398,#1382,#695,.T.);
#1691=EDGE_CURVE('',#1398,#1356,#696,.T.);
#1692=EDGE_CURVE('',#1357,#1399,#697,.T.);
#1693=EDGE_CURVE('',#1399,#1383,#698,.T.);
#1694=EDGE_CURVE('',#1399,#1400,#699,.T.);
#1695=EDGE_CURVE('',#1400,#1384,#700,.T.);
#1696=EDGE_CURVE('',#1400,#1401,#701,.T.);
#1697=EDGE_CURVE('',#1401,#1385,#702,.T.);
#1698=EDGE_CURVE('',#1401,#1402,#703,.T.);
#1699=EDGE_CURVE('',#1386,#1402,#704,.T.);
#1700=EDGE_CURVE('',#1402,#1403,#705,.T.);
#1701=EDGE_CURVE('',#1387,#1403,#706,.T.);
#1702=EDGE_CURVE('',#1361,#1404,#707,.T.);
#1703=EDGE_CURVE('',#1403,#1404,#708,.T.);
#1704=EDGE_CURVE('',#1405,#1395,#709,.T.);
#1705=EDGE_CURVE('',#1405,#1406,#710,.T.);
#1706=EDGE_CURVE('',#1406,#1407,#711,.T.);
#1707=EDGE_CURVE('',#1407,#1365,#712,.T.);
#1708=EDGE_CURVE('',#1408,#1408,#1238,.T.);
#1709=EDGE_CURVE('',#1409,#1409,#1239,.T.);
#1710=EDGE_CURVE('',#1405,#1392,#713,.T.);
#1711=EDGE_CURVE('',#1391,#1406,#714,.T.);
#1712=EDGE_CURVE('',#1407,#1390,#715,.T.);
#1713=EDGE_CURVE('',#1389,#1378,#716,.T.);
#1714=EDGE_CURVE('',#1404,#1388,#717,.T.);
#1715=EDGE_CURVE('',#1393,#1409,#718,.T.);
#1716=EDGE_CURVE('',#1394,#1408,#719,.T.);
#1717=EDGE_CURVE('',#1410,#1411,#1240,.T.);
#1718=EDGE_CURVE('',#1411,#1412,#13,.T.);
#1719=EDGE_CURVE('',#1412,#1413,#1241,.T.);
#1720=EDGE_CURVE('',#1413,#1410,#14,.T.);
#1721=EDGE_CURVE('',#1411,#1414,#720,.T.);
#1722=EDGE_CURVE('',#1414,#1415,#1242,.T.);
#1723=EDGE_CURVE('',#1415,#1412,#721,.T.);
#1724=EDGE_CURVE('',#1416,#1415,#1243,.T.);
#1725=EDGE_CURVE('',#1414,#1417,#1244,.T.);
#1726=EDGE_CURVE('',#1417,#1416,#15,.T.);
#1727=EDGE_CURVE('',#1413,#1416,#722,.T.);
#1728=EDGE_CURVE('',#1417,#1410,#723,.T.);
#1729=EDGE_CURVE('',#1413,#1418,#724,.T.);
#1730=EDGE_CURVE('',#1419,#1418,#725,.T.);
#1731=EDGE_CURVE('',#1416,#1419,#726,.T.);
#1732=EDGE_CURVE('',#1412,#1420,#727,.T.);
#1733=EDGE_CURVE('',#1418,#1420,#1245,.T.);
#1734=EDGE_CURVE('',#1421,#1422,#1246,.T.);
#1735=EDGE_CURVE('',#1422,#1423,#728,.T.);
#1736=EDGE_CURVE('',#1423,#1424,#1247,.T.);
#1737=EDGE_CURVE('',#1424,#1421,#729,.T.);
#1738=EDGE_CURVE('',#1425,#1425,#1248,.T.);
#1739=EDGE_CURVE('',#1425,#1426,#730,.T.);
#1740=EDGE_CURVE('',#1426,#1426,#1249,.T.);
#1741=EDGE_CURVE('',#1427,#1427,#1250,.T.);
#1742=EDGE_CURVE('',#1427,#1428,#731,.T.);
#1743=EDGE_CURVE('',#1428,#1428,#1251,.T.);
#1744=EDGE_CURVE('',#1429,#1429,#1252,.T.);
#1745=EDGE_CURVE('',#1429,#1430,#732,.T.);
#1746=EDGE_CURVE('',#1430,#1430,#1253,.T.);
#1747=EDGE_CURVE('',#1431,#1431,#1254,.T.);
#1748=EDGE_CURVE('',#1431,#1432,#733,.T.);
#1749=EDGE_CURVE('',#1432,#1432,#1255,.T.);
#1750=EDGE_CURVE('',#1433,#1419,#1256,.T.);
#1751=EDGE_CURVE('',#1415,#1433,#734,.T.);
#1752=EDGE_CURVE('',#1420,#1433,#735,.T.);
#1753=EDGE_CURVE('',#1434,#1435,#736,.T.);
#1754=EDGE_CURVE('',#1435,#1436,#737,.T.);
#1755=EDGE_CURVE('',#1436,#1437,#738,.T.);
#1756=EDGE_CURVE('',#1437,#1434,#739,.T.);
#1757=EDGE_CURVE('',#1438,#1439,#740,.T.);
#1758=EDGE_CURVE('',#1439,#1421,#741,.T.);
#1759=EDGE_CURVE('',#1424,#1438,#742,.T.);
#1760=EDGE_CURVE('',#1440,#1439,#1257,.T.);
#1761=EDGE_CURVE('',#1440,#1422,#743,.T.);
#1762=EDGE_CURVE('',#1440,#1441,#744,.T.);
#1763=EDGE_CURVE('',#1441,#1423,#745,.T.);
#1764=EDGE_CURVE('',#1441,#1438,#1258,.T.);
#1765=EDGE_CURVE('',#1432,#1442,#1259,.T.);
#1766=EDGE_CURVE('',#1442,#1442,#1260,.T.);
#1767=EDGE_CURVE('',#1442,#1443,#746,.T.);
#1768=EDGE_CURVE('',#1443,#1443,#1261,.T.);
#1769=EDGE_CURVE('',#1426,#1444,#1262,.T.);
#1770=EDGE_CURVE('',#1444,#1444,#1263,.T.);
#1771=EDGE_CURVE('',#1444,#1445,#747,.T.);
#1772=EDGE_CURVE('',#1445,#1445,#1264,.T.);
#1773=EDGE_CURVE('',#1430,#1446,#1265,.T.);
#1774=EDGE_CURVE('',#1446,#1446,#1266,.T.);
#1775=EDGE_CURVE('',#1446,#1447,#748,.T.);
#1776=EDGE_CURVE('',#1447,#1447,#1267,.T.);
#1777=EDGE_CURVE('',#1428,#1448,#1268,.T.);
#1778=EDGE_CURVE('',#1448,#1448,#1269,.T.);
#1779=EDGE_CURVE('',#1448,#1449,#749,.T.);
#1780=EDGE_CURVE('',#1449,#1449,#1270,.T.);
#1781=EDGE_CURVE('',#1450,#1451,#750,.T.);
#1782=EDGE_CURVE('',#1451,#1452,#751,.T.);
#1783=EDGE_CURVE('',#1452,#1453,#752,.T.);
#1784=EDGE_CURVE('',#1453,#1450,#753,.T.);
#1785=EDGE_CURVE('',#1454,#1454,#1271,.T.);
#1786=EDGE_CURVE('',#1455,#1455,#1272,.T.);
#1787=EDGE_CURVE('',#1456,#1456,#1273,.T.);
#1788=EDGE_CURVE('',#1457,#1457,#1274,.T.);
#1789=EDGE_CURVE('',#1458,#1458,#1275,.T.);
#1790=EDGE_CURVE('',#1458,#1454,#754,.T.);
#1791=EDGE_CURVE('',#1459,#1459,#1276,.T.);
#1792=EDGE_CURVE('',#1459,#1456,#755,.T.);
#1793=EDGE_CURVE('',#1460,#1461,#756,.T.);
#1794=EDGE_CURVE('',#1462,#1460,#16,.F.);
#1795=EDGE_CURVE('',#1463,#1462,#757,.T.);
#1796=EDGE_CURVE('',#1461,#1463,#17,.F.);
#1797=EDGE_CURVE('',#1461,#1464,#758,.T.);
#1798=EDGE_CURVE('',#1463,#1465,#1277,.T.);
#1799=EDGE_CURVE('',#1465,#1466,#759,.T.);
#1800=EDGE_CURVE('',#1464,#1466,#1278,.T.);
#1801=EDGE_CURVE('',#1467,#1468,#1279,.T.);
#1802=EDGE_CURVE('',#1469,#1467,#760,.T.);
#1803=EDGE_CURVE('',#1469,#1470,#1280,.T.);
#1804=EDGE_CURVE('',#1470,#1471,#1281,.T.);
#1805=EDGE_CURVE('',#1468,#1471,#761,.T.);
#1806=EDGE_CURVE('',#1472,#1473,#762,.T.);
#1807=EDGE_CURVE('',#1474,#1473,#1282,.T.);
#1808=EDGE_CURVE('',#1475,#1474,#763,.T.);
#1809=EDGE_CURVE('',#1475,#1472,#1283,.T.);
#1810=EDGE_CURVE('',#1476,#1460,#764,.T.);
#1811=EDGE_CURVE('',#1477,#1476,#1284,.T.);
#1812=EDGE_CURVE('',#1478,#1477,#765,.T.);
#1813=EDGE_CURVE('',#1462,#1478,#1285,.F.);
#1814=EDGE_CURVE('',#1467,#1468,#766,.T.);
#1815=EDGE_CURVE('',#1479,#1470,#767,.T.);
#1816=EDGE_CURVE('',#1471,#1479,#768,.T.);
#1817=EDGE_CURVE('',#1480,#1481,#769,.T.);
#1818=EDGE_CURVE('',#1482,#1481,#770,.T.);
#1819=EDGE_CURVE('',#1483,#1482,#771,.T.);
#1820=EDGE_CURVE('',#1480,#1483,#772,.T.);
#1821=EDGE_CURVE('',#1484,#1485,#773,.T.);
#1822=EDGE_CURVE('',#1481,#1484,#1286,.F.);
#1823=EDGE_CURVE('',#1485,#1480,#1287,.T.);
#1824=EDGE_CURVE('',#1465,#1486,#774,.T.);
#1825=EDGE_CURVE('',#1487,#1486,#775,.T.);
#1826=EDGE_CURVE('',#1466,#1487,#776,.T.);
#1827=EDGE_CURVE('',#1478,#1488,#777,.T.);
#1828=EDGE_CURVE('',#1486,#1488,#778,.T.);
#1829=EDGE_CURVE('',#1477,#1489,#779,.T.);
#1830=EDGE_CURVE('',#1488,#1489,#780,.T.);
#1831=EDGE_CURVE('',#1490,#1476,#781,.T.);
#1832=EDGE_CURVE('',#1470,#1490,#782,.T.);
#1833=EDGE_CURVE('',#1491,#1469,#783,.T.);
#1834=EDGE_CURVE('',#1492,#1491,#1288,.T.);
#1835=EDGE_CURVE('',#1489,#1492,#784,.T.);
#1836=EDGE_CURVE('',#1493,#1492,#785,.T.);
#1837=EDGE_CURVE('',#1494,#1491,#786,.T.);
#1838=EDGE_CURVE('',#1493,#1494,#1289,.T.);
#1839=EDGE_CURVE('',#1473,#1493,#787,.T.);
#1840=EDGE_CURVE('',#1474,#1494,#788,.T.);
#1841=EDGE_CURVE('',#1482,#1475,#789,.T.);
#1842=EDGE_CURVE('',#1472,#1484,#790,.T.);
#1843=EDGE_CURVE('',#1487,#1485,#791,.T.);
#1844=EDGE_CURVE('',#1495,#1490,#792,.T.);
#1845=EDGE_CURVE('',#1496,#1495,#793,.T.);
#1846=EDGE_CURVE('',#1479,#1496,#794,.T.);
#1847=EDGE_CURVE('',#1497,#1483,#795,.T.);
#1848=EDGE_CURVE('',#1498,#1497,#796,.T.);
#1849=EDGE_CURVE('',#1498,#1499,#797,.T.);
#1850=EDGE_CURVE('',#1499,#1500,#798,.T.);
#1851=EDGE_CURVE('',#1496,#1500,#799,.T.);
#1852=EDGE_CURVE('',#1501,#1495,#800,.T.);
#1853=EDGE_CURVE('',#1502,#1501,#801,.T.);
#1854=EDGE_CURVE('',#1503,#1502,#802,.T.);
#1855=EDGE_CURVE('',#1503,#1504,#803,.T.);
#1856=EDGE_CURVE('',#1464,#1504,#804,.T.);
#1857=EDGE_CURVE('',#1505,#1505,#1290,.T.);
#1858=EDGE_CURVE('',#1506,#1506,#1291,.T.);
#1859=EDGE_CURVE('',#1507,#1507,#1292,.T.);
#1860=EDGE_CURVE('',#1508,#1508,#1293,.T.);
#1861=EDGE_CURVE('',#1509,#1509,#1294,.T.);
#1862=EDGE_CURVE('',#1509,#1510,#805,.T.);
#1863=EDGE_CURVE('',#1510,#1510,#1295,.T.);
#1864=EDGE_CURVE('',#1511,#1511,#1296,.T.);
#1865=EDGE_CURVE('',#1511,#1512,#806,.T.);
#1866=EDGE_CURVE('',#1512,#1512,#1297,.T.);
#1867=EDGE_CURVE('',#1513,#1514,#807,.T.);
#1868=EDGE_CURVE('',#1515,#1513,#808,.T.);
#1869=EDGE_CURVE('',#1516,#1515,#809,.T.);
#1870=EDGE_CURVE('',#1516,#1514,#810,.T.);
#1871=EDGE_CURVE('',#1514,#1517,#811,.T.);
#1872=EDGE_CURVE('',#1518,#1516,#812,.T.);
#1873=EDGE_CURVE('',#1518,#1517,#813,.T.);
#1874=EDGE_CURVE('',#1517,#1519,#814,.T.);
#1875=EDGE_CURVE('',#1520,#1518,#815,.T.);
#1876=EDGE_CURVE('',#1520,#1519,#816,.T.);
#1877=EDGE_CURVE('',#1519,#1513,#817,.T.);
#1878=EDGE_CURVE('',#1515,#1520,#818,.T.);
#1879=EDGE_CURVE('',#1521,#1522,#819,.T.);
#1880=EDGE_CURVE('',#1521,#1523,#820,.T.);
#1881=EDGE_CURVE('',#1523,#1524,#821,.T.);
#1882=EDGE_CURVE('',#1522,#1524,#822,.T.);
#1883=EDGE_CURVE('',#1525,#1521,#823,.T.);
#1884=EDGE_CURVE('',#1525,#1526,#824,.T.);
#1885=EDGE_CURVE('',#1526,#1523,#825,.T.);
#1886=EDGE_CURVE('',#1527,#1525,#826,.T.);
#1887=EDGE_CURVE('',#1527,#1528,#827,.T.);
#1888=EDGE_CURVE('',#1528,#1526,#828,.T.);
#1889=EDGE_CURVE('',#1522,#1527,#829,.T.);
#1890=EDGE_CURVE('',#1524,#1528,#830,.T.);
#1891=EDGE_CURVE('',#1500,#1435,#831,.T.);
#1892=EDGE_CURVE('',#1497,#1434,#832,.T.);
#1893=EDGE_CURVE('',#1529,#1529,#1298,.T.);
#1894=EDGE_CURVE('',#1530,#1530,#1299,.T.);
#1895=EDGE_CURVE('',#1531,#1531,#1300,.T.);
#1896=EDGE_CURVE('',#1532,#1532,#1301,.T.);
#1897=EDGE_CURVE('',#1533,#1533,#1302,.T.);
#1898=EDGE_CURVE('',#1534,#1534,#1303,.T.);
#1899=EDGE_CURVE('',#1535,#1535,#1304,.T.);
#1900=EDGE_CURVE('',#1535,#1531,#833,.T.);
#1901=EDGE_CURVE('',#1536,#1536,#1305,.T.);
#1902=EDGE_CURVE('',#1536,#1529,#834,.T.);
#1903=EDGE_CURVE('',#1537,#1537,#1306,.T.);
#1904=EDGE_CURVE('',#1537,#1533,#835,.T.);
#1905=EDGE_CURVE('',#1538,#1538,#1307,.T.);
#1906=EDGE_CURVE('',#1538,#1530,#836,.T.);
#1907=EDGE_CURVE('',#1532,#1457,#837,.T.);
#1908=EDGE_CURVE('',#1534,#1455,#838,.T.);
#1909=EDGE_CURVE('',#1501,#1451,#839,.T.);
#1910=EDGE_CURVE('',#1502,#1450,#840,.T.);
#1911=EDGE_CURVE('',#1452,#1504,#841,.T.);
#1912=EDGE_CURVE('',#1503,#1453,#842,.T.);
#1913=EDGE_CURVE('',#1505,#1535,#1308,.T.);
#1914=EDGE_CURVE('',#1506,#1536,#1309,.T.);
#1915=EDGE_CURVE('',#1507,#1537,#1310,.T.);
#1916=EDGE_CURVE('',#1508,#1538,#1311,.T.);
#1917=EDGE_CURVE('',#1499,#1436,#843,.T.);
#1918=EDGE_CURVE('',#1498,#1437,#844,.T.);
#1919=EDGE_CURVE('',#1539,#1539,#1312,.T.);
#1920=EDGE_CURVE('',#1539,#1540,#845,.T.);
#1921=EDGE_CURVE('',#1540,#1540,#1313,.T.);
#1922=EDGE_CURVE('',#1541,#1541,#1314,.T.);
#1923=EDGE_CURVE('',#1542,#1542,#1315,.T.);
#1924=EDGE_CURVE('',#1542,#1543,#846,.T.);
#1925=EDGE_CURVE('',#1543,#1543,#1316,.T.);
#1926=EDGE_CURVE('',#1544,#1544,#1317,.T.);
#1927=EDGE_CURVE('',#1545,#1545,#1318,.T.);
#1928=EDGE_CURVE('',#1545,#1546,#847,.T.);
#1929=EDGE_CURVE('',#1546,#1546,#1319,.T.);
#1930=EDGE_CURVE('',#1547,#1547,#1320,.T.);
#1931=EDGE_CURVE('',#1548,#1548,#1321,.T.);
#1932=EDGE_CURVE('',#1548,#1549,#848,.T.);
#1933=EDGE_CURVE('',#1549,#1549,#1322,.T.);
#1934=EDGE_CURVE('',#1550,#1550,#1323,.T.);
#1935=EDGE_CURVE('',#1551,#1551,#1324,.T.);
#1936=EDGE_CURVE('',#1552,#1552,#1325,.T.);
#1937=EDGE_CURVE('',#1547,#1553,#849,.T.);
#1938=EDGE_CURVE('',#1553,#1553,#1326,.T.);
#1939=EDGE_CURVE('',#1554,#1555,#850,.T.);
#1940=EDGE_CURVE('',#1554,#1556,#851,.T.);
#1941=EDGE_CURVE('',#1556,#1557,#852,.T.);
#1942=EDGE_CURVE('',#1555,#1557,#853,.T.);
#1943=EDGE_CURVE('',#1558,#1559,#854,.T.);
#1944=EDGE_CURVE('',#1558,#1554,#855,.T.);
#1945=EDGE_CURVE('',#1559,#1555,#856,.T.);
#1946=EDGE_CURVE('',#1560,#1561,#857,.T.);
#1947=EDGE_CURVE('',#1560,#1558,#858,.T.);
#1948=EDGE_CURVE('',#1561,#1559,#859,.T.);
#1949=EDGE_CURVE('',#1556,#1560,#860,.T.);
#1950=EDGE_CURVE('',#1557,#1561,#861,.T.);
#1951=EDGE_CURVE('',#1562,#1563,#862,.T.);
#1952=EDGE_CURVE('',#1563,#1564,#863,.T.);
#1953=EDGE_CURVE('',#1564,#1565,#864,.T.);
#1954=EDGE_CURVE('',#1565,#1562,#865,.T.);
#1955=EDGE_CURVE('',#1566,#1567,#866,.T.);
#1956=EDGE_CURVE('',#1566,#1568,#867,.T.);
#1957=EDGE_CURVE('',#1569,#1568,#868,.T.);
#1958=EDGE_CURVE('',#1567,#1569,#869,.T.);
#1959=EDGE_CURVE('',#1570,#1571,#870,.T.);
#1960=EDGE_CURVE('',#1570,#1572,#871,.T.);
#1961=EDGE_CURVE('',#1572,#1573,#872,.T.);
#1962=EDGE_CURVE('',#1568,#1573,#873,.T.);
#1963=EDGE_CURVE('',#1571,#1566,#874,.T.);
#1964=EDGE_CURVE('',#1573,#1574,#875,.T.);
#1965=EDGE_CURVE('',#1574,#1569,#876,.T.);
#1966=EDGE_CURVE('',#1567,#1575,#877,.T.);
#1967=EDGE_CURVE('',#1575,#1574,#878,.T.);
#1968=EDGE_CURVE('',#1576,#1577,#879,.T.);
#1969=EDGE_CURVE('',#1576,#1578,#880,.T.);
#1970=EDGE_CURVE('',#1578,#1579,#881,.T.);
#1971=EDGE_CURVE('',#1580,#1579,#882,.T.);
#1972=EDGE_CURVE('',#1580,#1581,#883,.T.);
#1973=EDGE_CURVE('',#1581,#1582,#884,.T.);
#1974=EDGE_CURVE('',#1582,#1583,#885,.T.);
#1975=EDGE_CURVE('',#1583,#1577,#886,.T.);
#1976=EDGE_CURVE('',#1584,#1584,#1327,.T.);
#1977=EDGE_CURVE('',#1541,#1552,#887,.T.);
#1978=EDGE_CURVE('',#1544,#1551,#888,.T.);
#1979=EDGE_CURVE('',#1576,#1585,#889,.T.);
#1980=EDGE_CURVE('',#1586,#1585,#890,.T.);
#1981=EDGE_CURVE('',#1578,#1586,#891,.T.);
#1982=EDGE_CURVE('',#1587,#1563,#892,.T.);
#1983=EDGE_CURVE('',#1588,#1587,#893,.T.);
#1984=EDGE_CURVE('',#1588,#1564,#894,.T.);
#1985=EDGE_CURVE('',#1589,#1588,#895,.T.);
#1986=EDGE_CURVE('',#1589,#1565,#896,.T.);
#1987=EDGE_CURVE('',#1590,#1589,#897,.T.);
#1988=EDGE_CURVE('',#1590,#1562,#898,.T.);
#1989=EDGE_CURVE('',#1587,#1586,#899,.T.);
#1990=EDGE_CURVE('',#1591,#1590,#900,.T.);
#1991=EDGE_CURVE('',#1579,#1591,#901,.T.);
#1992=EDGE_CURVE('',#1592,#1591,#902,.T.);
#1993=EDGE_CURVE('',#1580,#1592,#903,.T.);
#1994=EDGE_CURVE('',#1593,#1592,#904,.T.);
#1995=EDGE_CURVE('',#1581,#1593,#905,.T.);
#1996=EDGE_CURVE('',#1594,#1593,#906,.T.);
#1997=EDGE_CURVE('',#1582,#1594,#907,.T.);
#1998=EDGE_CURVE('',#1595,#1594,#908,.T.);
#1999=EDGE_CURVE('',#1583,#1595,#909,.T.);
#2000=EDGE_CURVE('',#1575,#1596,#910,.T.);
#2001=EDGE_CURVE('',#1596,#1597,#911,.T.);
#2002=EDGE_CURVE('',#1597,#1571,#912,.T.);
#2003=EDGE_CURVE('',#1598,#1597,#913,.T.);
#2004=EDGE_CURVE('',#1598,#1570,#914,.T.);
#2005=EDGE_CURVE('',#1599,#1598,#915,.T.);
#2006=EDGE_CURVE('',#1599,#1572,#916,.T.);
#2007=EDGE_CURVE('',#1600,#1599,#917,.T.);
#2008=EDGE_CURVE('',#1577,#1600,#918,.T.);
#2009=EDGE_CURVE('',#1595,#1596,#919,.T.);
#2010=EDGE_CURVE('',#1585,#1600,#920,.T.);
#2011=EDGE_CURVE('',#1550,#1584,#921,.T.);
#2012=EDGE_CURVE('',#1601,#1601,#1328,.T.);
#2013=EDGE_CURVE('',#1601,#1602,#922,.T.);
#2014=EDGE_CURVE('',#1602,#1602,#1329,.T.);
#2015=EDGE_CURVE('',#1603,#1603,#1330,.T.);
#2016=EDGE_CURVE('',#1603,#1604,#923,.T.);
#2017=EDGE_CURVE('',#1604,#1604,#1331,.T.);
#2018=EDGE_CURVE('',#1605,#1605,#1332,.T.);
#2019=EDGE_CURVE('',#1605,#1606,#924,.T.);
#2020=EDGE_CURVE('',#1606,#1606,#1333,.T.);
#2021=EDGE_CURVE('',#1607,#1607,#1334,.T.);
#2022=EDGE_CURVE('',#1607,#1608,#925,.T.);
#2023=EDGE_CURVE('',#1608,#1608,#1335,.T.);
#2024=EDGE_CURVE('',#1609,#1609,#1336,.T.);
#2025=EDGE_CURVE('',#1609,#1610,#926,.T.);
#2026=EDGE_CURVE('',#1610,#1610,#1337,.T.);
#2027=EDGE_CURVE('',#1611,#1611,#1338,.T.);
#2028=EDGE_CURVE('',#1611,#1612,#927,.T.);
#2029=EDGE_CURVE('',#1612,#1612,#1339,.T.);
#2030=EDGE_CURVE('',#1613,#1613,#1340,.T.);
#2031=EDGE_CURVE('',#1613,#1614,#928,.T.);
#2032=EDGE_CURVE('',#1614,#1614,#1341,.T.);
#2033=EDGE_CURVE('',#1615,#1615,#1342,.T.);
#2034=EDGE_CURVE('',#1615,#1616,#929,.T.);
#2035=EDGE_CURVE('',#1616,#1616,#1343,.T.);
#2036=ORIENTED_EDGE('',*,*,#1617,.F.);
#2037=ORIENTED_EDGE('',*,*,#1618,.T.);
#2038=ORIENTED_EDGE('',*,*,#1619,.F.);
#2039=ORIENTED_EDGE('',*,*,#1618,.F.);
#2040=ORIENTED_EDGE('',*,*,#1620,.F.);
#2041=ORIENTED_EDGE('',*,*,#1621,.T.);
#2042=ORIENTED_EDGE('',*,*,#1622,.F.);
#2043=ORIENTED_EDGE('',*,*,#1621,.F.);
#2044=ORIENTED_EDGE('',*,*,#1623,.F.);
#2045=ORIENTED_EDGE('',*,*,#1624,.T.);
#2046=ORIENTED_EDGE('',*,*,#1625,.F.);
#2047=ORIENTED_EDGE('',*,*,#1624,.F.);
#2048=ORIENTED_EDGE('',*,*,#1623,.T.);
#2049=ORIENTED_EDGE('',*,*,#1626,.F.);
#2050=ORIENTED_EDGE('',*,*,#1627,.T.);
#2051=ORIENTED_EDGE('',*,*,#1628,.F.);
#2052=ORIENTED_EDGE('',*,*,#1627,.F.);
#2053=ORIENTED_EDGE('',*,*,#1626,.T.);
#2054=ORIENTED_EDGE('',*,*,#1629,.F.);
#2055=ORIENTED_EDGE('',*,*,#1630,.T.);
#2056=ORIENTED_EDGE('',*,*,#1631,.F.);
#2057=ORIENTED_EDGE('',*,*,#1630,.F.);
#2058=ORIENTED_EDGE('',*,*,#1629,.T.);
#2059=ORIENTED_EDGE('',*,*,#1632,.F.);
#2060=ORIENTED_EDGE('',*,*,#1633,.T.);
#2061=ORIENTED_EDGE('',*,*,#1634,.F.);
#2062=ORIENTED_EDGE('',*,*,#1633,.F.);
#2063=ORIENTED_EDGE('',*,*,#1632,.T.);
#2064=ORIENTED_EDGE('',*,*,#1635,.T.);
#2065=ORIENTED_EDGE('',*,*,#1636,.T.);
#2066=ORIENTED_EDGE('',*,*,#1637,.T.);
#2067=ORIENTED_EDGE('',*,*,#1638,.T.);
#2068=ORIENTED_EDGE('',*,*,#1639,.F.);
#2069=ORIENTED_EDGE('',*,*,#1640,.T.);
#2070=ORIENTED_EDGE('',*,*,#1641,.F.);
#2071=ORIENTED_EDGE('',*,*,#1642,.F.);
#2072=ORIENTED_EDGE('',*,*,#1643,.F.);
#2073=ORIENTED_EDGE('',*,*,#1644,.F.);
#2074=ORIENTED_EDGE('',*,*,#1642,.T.);
#2075=ORIENTED_EDGE('',*,*,#1645,.F.);
#2076=ORIENTED_EDGE('',*,*,#1646,.F.);
#2077=ORIENTED_EDGE('',*,*,#1647,.F.);
#2078=ORIENTED_EDGE('',*,*,#1648,.F.);
#2079=ORIENTED_EDGE('',*,*,#1646,.T.);
#2080=ORIENTED_EDGE('',*,*,#1649,.F.);
#2081=ORIENTED_EDGE('',*,*,#1650,.F.);
#2082=ORIENTED_EDGE('',*,*,#1651,.F.);
#2083=ORIENTED_EDGE('',*,*,#1650,.T.);
#2084=ORIENTED_EDGE('',*,*,#1652,.F.);
#2085=ORIENTED_EDGE('',*,*,#1653,.F.);
#2086=ORIENTED_EDGE('',*,*,#1654,.F.);
#2087=ORIENTED_EDGE('',*,*,#1653,.T.);
#2088=ORIENTED_EDGE('',*,*,#1655,.F.);
#2089=ORIENTED_EDGE('',*,*,#1656,.F.);
#2090=ORIENTED_EDGE('',*,*,#1657,.F.);
#2091=ORIENTED_EDGE('',*,*,#1656,.T.);
#2092=ORIENTED_EDGE('',*,*,#1658,.F.);
#2093=ORIENTED_EDGE('',*,*,#1659,.F.);
#2094=ORIENTED_EDGE('',*,*,#1660,.F.);
#2095=ORIENTED_EDGE('',*,*,#1659,.T.);
#2096=ORIENTED_EDGE('',*,*,#1661,.F.);
#2097=ORIENTED_EDGE('',*,*,#1662,.F.);
#2098=ORIENTED_EDGE('',*,*,#1663,.F.);
#2099=ORIENTED_EDGE('',*,*,#1662,.T.);
#2100=ORIENTED_EDGE('',*,*,#1664,.F.);
#2101=ORIENTED_EDGE('',*,*,#1640,.F.);
#2102=ORIENTED_EDGE('',*,*,#1665,.T.);
#2103=ORIENTED_EDGE('',*,*,#1643,.T.);
#2104=ORIENTED_EDGE('',*,*,#1644,.T.);
#2105=ORIENTED_EDGE('',*,*,#1666,.T.);
#2106=ORIENTED_EDGE('',*,*,#1664,.T.);
#2107=ORIENTED_EDGE('',*,*,#1661,.T.);
#2108=ORIENTED_EDGE('',*,*,#1658,.T.);
#2109=ORIENTED_EDGE('',*,*,#1655,.T.);
#2110=ORIENTED_EDGE('',*,*,#1652,.T.);
#2111=ORIENTED_EDGE('',*,*,#1649,.T.);
#2112=ORIENTED_EDGE('',*,*,#1645,.T.);
#2113=ORIENTED_EDGE('',*,*,#1641,.T.);
#2114=ORIENTED_EDGE('',*,*,#1667,.T.);
#2115=ORIENTED_EDGE('',*,*,#1668,.T.);
#2116=ORIENTED_EDGE('',*,*,#1669,.T.);
#2117=ORIENTED_EDGE('',*,*,#1670,.T.);
#2118=ORIENTED_EDGE('',*,*,#1637,.F.);
#2119=ORIENTED_EDGE('',*,*,#1671,.F.);
#2120=ORIENTED_EDGE('',*,*,#1672,.T.);
#2121=ORIENTED_EDGE('',*,*,#1673,.T.);
#2122=ORIENTED_EDGE('',*,*,#1674,.T.);
#2123=ORIENTED_EDGE('',*,*,#1675,.T.);
#2124=ORIENTED_EDGE('',*,*,#1676,.T.);
#2125=ORIENTED_EDGE('',*,*,#1677,.T.);
#2126=ORIENTED_EDGE('',*,*,#1678,.T.);
#2127=ORIENTED_EDGE('',*,*,#1679,.T.);
#2128=ORIENTED_EDGE('',*,*,#1680,.T.);
#2129=ORIENTED_EDGE('',*,*,#1681,.T.);
#2130=ORIENTED_EDGE('',*,*,#1625,.T.);
#2131=ORIENTED_EDGE('',*,*,#1631,.T.);
#2132=ORIENTED_EDGE('',*,*,#1634,.T.);
#2133=ORIENTED_EDGE('',*,*,#1682,.T.);
#2134=ORIENTED_EDGE('',*,*,#1683,.T.);
#2135=ORIENTED_EDGE('',*,*,#1628,.T.);
#2136=ORIENTED_EDGE('',*,*,#1622,.T.);
#2137=ORIENTED_EDGE('',*,*,#1619,.T.);
#2138=ORIENTED_EDGE('',*,*,#1684,.T.);
#2139=ORIENTED_EDGE('',*,*,#1685,.T.);
#2140=ORIENTED_EDGE('',*,*,#1667,.F.);
#2141=ORIENTED_EDGE('',*,*,#1686,.F.);
#2142=ORIENTED_EDGE('',*,*,#1687,.T.);
#2143=ORIENTED_EDGE('',*,*,#1688,.T.);
#2144=ORIENTED_EDGE('',*,*,#1668,.F.);
#2145=ORIENTED_EDGE('',*,*,#1685,.F.);
#2146=ORIENTED_EDGE('',*,*,#1689,.T.);
#2147=ORIENTED_EDGE('',*,*,#1690,.T.);
#2148=ORIENTED_EDGE('',*,*,#1669,.F.);
#2149=ORIENTED_EDGE('',*,*,#1688,.F.);
#2150=ORIENTED_EDGE('',*,*,#1691,.T.);
#2151=ORIENTED_EDGE('',*,*,#1638,.F.);
#2152=ORIENTED_EDGE('',*,*,#1670,.F.);
#2153=ORIENTED_EDGE('',*,*,#1690,.F.);
#2154=ORIENTED_EDGE('',*,*,#1692,.T.);
#2155=ORIENTED_EDGE('',*,*,#1693,.T.);
#2156=ORIENTED_EDGE('',*,*,#1671,.T.);
#2157=ORIENTED_EDGE('',*,*,#1636,.F.);
#2158=ORIENTED_EDGE('',*,*,#1694,.T.);
#2159=ORIENTED_EDGE('',*,*,#1695,.T.);
#2160=ORIENTED_EDGE('',*,*,#1672,.F.);
#2161=ORIENTED_EDGE('',*,*,#1693,.F.);
#2162=ORIENTED_EDGE('',*,*,#1696,.T.);
#2163=ORIENTED_EDGE('',*,*,#1697,.T.);
#2164=ORIENTED_EDGE('',*,*,#1673,.F.);
#2165=ORIENTED_EDGE('',*,*,#1695,.F.);
#2166=ORIENTED_EDGE('',*,*,#1698,.T.);
#2167=ORIENTED_EDGE('',*,*,#1699,.F.);
#2168=ORIENTED_EDGE('',*,*,#1674,.F.);
#2169=ORIENTED_EDGE('',*,*,#1697,.F.);
#2170=ORIENTED_EDGE('',*,*,#1700,.T.);
#2171=ORIENTED_EDGE('',*,*,#1701,.F.);
#2172=ORIENTED_EDGE('',*,*,#1675,.F.);
#2173=ORIENTED_EDGE('',*,*,#1699,.T.);
#2174=ORIENTED_EDGE('',*,*,#1639,.T.);
#2175=ORIENTED_EDGE('',*,*,#1702,.T.);
#2176=ORIENTED_EDGE('',*,*,#1703,.F.);
#2177=ORIENTED_EDGE('',*,*,#1700,.F.);
#2178=ORIENTED_EDGE('',*,*,#1698,.F.);
#2179=ORIENTED_EDGE('',*,*,#1696,.F.);
#2180=ORIENTED_EDGE('',*,*,#1694,.F.);
#2181=ORIENTED_EDGE('',*,*,#1692,.F.);
#2182=ORIENTED_EDGE('',*,*,#1635,.F.);
#2183=ORIENTED_EDGE('',*,*,#1691,.F.);
#2184=ORIENTED_EDGE('',*,*,#1689,.F.);
#2185=ORIENTED_EDGE('',*,*,#1687,.F.);
#2186=ORIENTED_EDGE('',*,*,#1684,.F.);
#2187=ORIENTED_EDGE('',*,*,#1704,.F.);
#2188=ORIENTED_EDGE('',*,*,#1705,.T.);
#2189=ORIENTED_EDGE('',*,*,#1706,.T.);
#2190=ORIENTED_EDGE('',*,*,#1707,.T.);
#2191=ORIENTED_EDGE('',*,*,#1647,.T.);
#2192=ORIENTED_EDGE('',*,*,#1648,.T.);
#2193=ORIENTED_EDGE('',*,*,#1651,.T.);
#2194=ORIENTED_EDGE('',*,*,#1654,.T.);
#2195=ORIENTED_EDGE('',*,*,#1657,.T.);
#2196=ORIENTED_EDGE('',*,*,#1660,.T.);
#2197=ORIENTED_EDGE('',*,*,#1663,.T.);
#2198=ORIENTED_EDGE('',*,*,#1617,.T.);
#2199=ORIENTED_EDGE('',*,*,#1620,.T.);
#2200=ORIENTED_EDGE('',*,*,#1708,.F.);
#2201=ORIENTED_EDGE('',*,*,#1709,.F.);
#2202=ORIENTED_EDGE('',*,*,#1704,.T.);
#2203=ORIENTED_EDGE('',*,*,#1686,.T.);
#2204=ORIENTED_EDGE('',*,*,#1681,.F.);
#2205=ORIENTED_EDGE('',*,*,#1710,.F.);
#2206=ORIENTED_EDGE('',*,*,#1711,.T.);
#2207=ORIENTED_EDGE('',*,*,#1705,.F.);
#2208=ORIENTED_EDGE('',*,*,#1710,.T.);
#2209=ORIENTED_EDGE('',*,*,#1680,.F.);
#2210=ORIENTED_EDGE('',*,*,#1706,.F.);
#2211=ORIENTED_EDGE('',*,*,#1711,.F.);
#2212=ORIENTED_EDGE('',*,*,#1679,.F.);
#2213=ORIENTED_EDGE('',*,*,#1712,.F.);
#2214=ORIENTED_EDGE('',*,*,#1713,.T.);
#2215=ORIENTED_EDGE('',*,*,#1666,.F.);
#2216=ORIENTED_EDGE('',*,*,#1707,.F.);
#2217=ORIENTED_EDGE('',*,*,#1712,.T.);
#2218=ORIENTED_EDGE('',*,*,#1678,.F.);
#2219=ORIENTED_EDGE('',*,*,#1714,.F.);
#2220=ORIENTED_EDGE('',*,*,#1702,.F.);
#2221=ORIENTED_EDGE('',*,*,#1665,.F.);
#2222=ORIENTED_EDGE('',*,*,#1713,.F.);
#2223=ORIENTED_EDGE('',*,*,#1677,.F.);
#2224=ORIENTED_EDGE('',*,*,#1703,.T.);
#2225=ORIENTED_EDGE('',*,*,#1714,.T.);
#2226=ORIENTED_EDGE('',*,*,#1676,.F.);
#2227=ORIENTED_EDGE('',*,*,#1701,.T.);
#2228=ORIENTED_EDGE('',*,*,#1682,.F.);
#2229=ORIENTED_EDGE('',*,*,#1715,.T.);
#2230=ORIENTED_EDGE('',*,*,#1709,.T.);
#2231=ORIENTED_EDGE('',*,*,#1715,.F.);
#2232=ORIENTED_EDGE('',*,*,#1683,.F.);
#2233=ORIENTED_EDGE('',*,*,#1716,.T.);
#2234=ORIENTED_EDGE('',*,*,#1708,.T.);
#2235=ORIENTED_EDGE('',*,*,#1716,.F.);
#2236=ORIENTED_EDGE('',*,*,#1717,.T.);
#2237=ORIENTED_EDGE('',*,*,#1718,.T.);
#2238=ORIENTED_EDGE('',*,*,#1719,.T.);
#2239=ORIENTED_EDGE('',*,*,#1720,.T.);
#2240=ORIENTED_EDGE('',*,*,#1721,.T.);
#2241=ORIENTED_EDGE('',*,*,#1722,.T.);
#2242=ORIENTED_EDGE('',*,*,#1723,.T.);
#2243=ORIENTED_EDGE('',*,*,#1718,.F.);
#2244=ORIENTED_EDGE('',*,*,#1724,.T.);
#2245=ORIENTED_EDGE('',*,*,#1722,.F.);
#2246=ORIENTED_EDGE('',*,*,#1725,.T.);
#2247=ORIENTED_EDGE('',*,*,#1726,.T.);
#2248=ORIENTED_EDGE('',*,*,#1727,.T.);
#2249=ORIENTED_EDGE('',*,*,#1726,.F.);
#2250=ORIENTED_EDGE('',*,*,#1728,.T.);
#2251=ORIENTED_EDGE('',*,*,#1720,.F.);
#2252=ORIENTED_EDGE('',*,*,#1727,.F.);
#2253=ORIENTED_EDGE('',*,*,#1729,.T.);
#2254=ORIENTED_EDGE('',*,*,#1730,.F.);
#2255=ORIENTED_EDGE('',*,*,#1731,.F.);
#2256=ORIENTED_EDGE('',*,*,#1719,.F.);
#2257=ORIENTED_EDGE('',*,*,#1732,.T.);
#2258=ORIENTED_EDGE('',*,*,#1733,.F.);
#2259=ORIENTED_EDGE('',*,*,#1729,.F.);
#2260=ORIENTED_EDGE('',*,*,#1734,.T.);
#2261=ORIENTED_EDGE('',*,*,#1735,.T.);
#2262=ORIENTED_EDGE('',*,*,#1736,.T.);
#2263=ORIENTED_EDGE('',*,*,#1737,.T.);
#2264=ORIENTED_EDGE('',*,*,#1717,.F.);
#2265=ORIENTED_EDGE('',*,*,#1728,.F.);
#2266=ORIENTED_EDGE('',*,*,#1725,.F.);
#2267=ORIENTED_EDGE('',*,*,#1721,.F.);
#2268=ORIENTED_EDGE('',*,*,#1738,.F.);
#2269=ORIENTED_EDGE('',*,*,#1739,.T.);
#2270=ORIENTED_EDGE('',*,*,#1740,.F.);
#2271=ORIENTED_EDGE('',*,*,#1739,.F.);
#2272=ORIENTED_EDGE('',*,*,#1741,.F.);
#2273=ORIENTED_EDGE('',*,*,#1742,.T.);
#2274=ORIENTED_EDGE('',*,*,#1743,.F.);
#2275=ORIENTED_EDGE('',*,*,#1742,.F.);
#2276=ORIENTED_EDGE('',*,*,#1744,.F.);
#2277=ORIENTED_EDGE('',*,*,#1745,.T.);
#2278=ORIENTED_EDGE('',*,*,#1746,.F.);
#2279=ORIENTED_EDGE('',*,*,#1745,.F.);
#2280=ORIENTED_EDGE('',*,*,#1747,.F.);
#2281=ORIENTED_EDGE('',*,*,#1748,.T.);
#2282=ORIENTED_EDGE('',*,*,#1749,.F.);
#2283=ORIENTED_EDGE('',*,*,#1748,.F.);
#2284=ORIENTED_EDGE('',*,*,#1724,.F.);
#2285=ORIENTED_EDGE('',*,*,#1731,.T.);
#2286=ORIENTED_EDGE('',*,*,#1750,.F.);
#2287=ORIENTED_EDGE('',*,*,#1751,.F.);
#2288=ORIENTED_EDGE('',*,*,#1723,.F.);
#2289=ORIENTED_EDGE('',*,*,#1751,.T.);
#2290=ORIENTED_EDGE('',*,*,#1752,.F.);
#2291=ORIENTED_EDGE('',*,*,#1732,.F.);
#2292=ORIENTED_EDGE('',*,*,#1753,.T.);
#2293=ORIENTED_EDGE('',*,*,#1754,.T.);
#2294=ORIENTED_EDGE('',*,*,#1755,.T.);
#2295=ORIENTED_EDGE('',*,*,#1756,.T.);
#2296=ORIENTED_EDGE('',*,*,#1738,.T.);
#2297=ORIENTED_EDGE('',*,*,#1741,.T.);
#2298=ORIENTED_EDGE('',*,*,#1744,.T.);
#2299=ORIENTED_EDGE('',*,*,#1747,.T.);
#2300=ORIENTED_EDGE('',*,*,#1733,.T.);
#2301=ORIENTED_EDGE('',*,*,#1752,.T.);
#2302=ORIENTED_EDGE('',*,*,#1750,.T.);
#2303=ORIENTED_EDGE('',*,*,#1730,.T.);
#2304=ORIENTED_EDGE('',*,*,#1757,.T.);
#2305=ORIENTED_EDGE('',*,*,#1758,.T.);
#2306=ORIENTED_EDGE('',*,*,#1737,.F.);
#2307=ORIENTED_EDGE('',*,*,#1759,.T.);
#2308=ORIENTED_EDGE('',*,*,#1760,.F.);
#2309=ORIENTED_EDGE('',*,*,#1761,.T.);
#2310=ORIENTED_EDGE('',*,*,#1734,.F.);
#2311=ORIENTED_EDGE('',*,*,#1758,.F.);
#2312=ORIENTED_EDGE('',*,*,#1762,.T.);
#2313=ORIENTED_EDGE('',*,*,#1763,.T.);
#2314=ORIENTED_EDGE('',*,*,#1735,.F.);
#2315=ORIENTED_EDGE('',*,*,#1761,.F.);
#2316=ORIENTED_EDGE('',*,*,#1763,.F.);
#2317=ORIENTED_EDGE('',*,*,#1764,.T.);
#2318=ORIENTED_EDGE('',*,*,#1759,.F.);
#2319=ORIENTED_EDGE('',*,*,#1736,.F.);
#2320=ORIENTED_EDGE('',*,*,#1764,.F.);
#2321=ORIENTED_EDGE('',*,*,#1762,.F.);
#2322=ORIENTED_EDGE('',*,*,#1760,.T.);
#2323=ORIENTED_EDGE('',*,*,#1757,.F.);
#2324=ORIENTED_EDGE('',*,*,#1749,.T.);
#2325=ORIENTED_EDGE('',*,*,#1765,.T.);
#2326=ORIENTED_EDGE('',*,*,#1766,.T.);
#2327=ORIENTED_EDGE('',*,*,#1765,.F.);
#2328=ORIENTED_EDGE('',*,*,#1766,.F.);
#2329=ORIENTED_EDGE('',*,*,#1767,.T.);
#2330=ORIENTED_EDGE('',*,*,#1768,.F.);
#2331=ORIENTED_EDGE('',*,*,#1767,.F.);
#2332=ORIENTED_EDGE('',*,*,#1740,.T.);
#2333=ORIENTED_EDGE('',*,*,#1769,.T.);
#2334=ORIENTED_EDGE('',*,*,#1770,.T.);
#2335=ORIENTED_EDGE('',*,*,#1769,.F.);
#2336=ORIENTED_EDGE('',*,*,#1770,.F.);
#2337=ORIENTED_EDGE('',*,*,#1771,.T.);
#2338=ORIENTED_EDGE('',*,*,#1772,.F.);
#2339=ORIENTED_EDGE('',*,*,#1771,.F.);
#2340=ORIENTED_EDGE('',*,*,#1746,.T.);
#2341=ORIENTED_EDGE('',*,*,#1773,.T.);
#2342=ORIENTED_EDGE('',*,*,#1774,.T.);
#2343=ORIENTED_EDGE('',*,*,#1773,.F.);
#2344=ORIENTED_EDGE('',*,*,#1774,.F.);
#2345=ORIENTED_EDGE('',*,*,#1775,.T.);
#2346=ORIENTED_EDGE('',*,*,#1776,.F.);
#2347=ORIENTED_EDGE('',*,*,#1775,.F.);
#2348=ORIENTED_EDGE('',*,*,#1743,.T.);
#2349=ORIENTED_EDGE('',*,*,#1777,.T.);
#2350=ORIENTED_EDGE('',*,*,#1778,.T.);
#2351=ORIENTED_EDGE('',*,*,#1777,.F.);
#2352=ORIENTED_EDGE('',*,*,#1778,.F.);
#2353=ORIENTED_EDGE('',*,*,#1779,.T.);
#2354=ORIENTED_EDGE('',*,*,#1780,.F.);
#2355=ORIENTED_EDGE('',*,*,#1779,.F.);
#2356=ORIENTED_EDGE('',*,*,#1781,.T.);
#2357=ORIENTED_EDGE('',*,*,#1782,.T.);
#2358=ORIENTED_EDGE('',*,*,#1783,.T.);
#2359=ORIENTED_EDGE('',*,*,#1784,.T.);
#2360=ORIENTED_EDGE('',*,*,#1768,.T.);
#2361=ORIENTED_EDGE('',*,*,#1785,.T.);
#2362=ORIENTED_EDGE('',*,*,#1776,.T.);
#2363=ORIENTED_EDGE('',*,*,#1786,.T.);
#2364=ORIENTED_EDGE('',*,*,#1780,.T.);
#2365=ORIENTED_EDGE('',*,*,#1787,.T.);
#2366=ORIENTED_EDGE('',*,*,#1772,.T.);
#2367=ORIENTED_EDGE('',*,*,#1788,.T.);
#2368=ORIENTED_EDGE('',*,*,#1789,.F.);
#2369=ORIENTED_EDGE('',*,*,#1790,.T.);
#2370=ORIENTED_EDGE('',*,*,#1785,.F.);
#2371=ORIENTED_EDGE('',*,*,#1790,.F.);
#2372=ORIENTED_EDGE('',*,*,#1791,.F.);
#2373=ORIENTED_EDGE('',*,*,#1792,.T.);
#2374=ORIENTED_EDGE('',*,*,#1787,.F.);
#2375=ORIENTED_EDGE('',*,*,#1792,.F.);
#2376=ORIENTED_EDGE('',*,*,#1793,.F.);
#2377=ORIENTED_EDGE('',*,*,#1794,.F.);
#2378=ORIENTED_EDGE('',*,*,#1795,.F.);
#2379=ORIENTED_EDGE('',*,*,#1796,.F.);
#2380=ORIENTED_EDGE('',*,*,#1797,.F.);
#2381=ORIENTED_EDGE('',*,*,#1796,.T.);
#2382=ORIENTED_EDGE('',*,*,#1798,.T.);
#2383=ORIENTED_EDGE('',*,*,#1799,.T.);
#2384=ORIENTED_EDGE('',*,*,#1800,.F.);
#2385=ORIENTED_EDGE('',*,*,#1801,.F.);
#2386=ORIENTED_EDGE('',*,*,#1802,.F.);
#2387=ORIENTED_EDGE('',*,*,#1803,.T.);
#2388=ORIENTED_EDGE('',*,*,#1804,.T.);
#2389=ORIENTED_EDGE('',*,*,#1805,.F.);
#2390=ORIENTED_EDGE('',*,*,#1806,.T.);
#2391=ORIENTED_EDGE('',*,*,#1807,.F.);
#2392=ORIENTED_EDGE('',*,*,#1808,.F.);
#2393=ORIENTED_EDGE('',*,*,#1809,.T.);
#2394=ORIENTED_EDGE('',*,*,#1810,.F.);
#2395=ORIENTED_EDGE('',*,*,#1811,.F.);
#2396=ORIENTED_EDGE('',*,*,#1812,.F.);
#2397=ORIENTED_EDGE('',*,*,#1813,.F.);
#2398=ORIENTED_EDGE('',*,*,#1794,.T.);
#2399=ORIENTED_EDGE('',*,*,#1814,.F.);
#2400=ORIENTED_EDGE('',*,*,#1801,.T.);
#2401=ORIENTED_EDGE('',*,*,#1804,.F.);
#2402=ORIENTED_EDGE('',*,*,#1815,.F.);
#2403=ORIENTED_EDGE('',*,*,#1816,.F.);
#2404=ORIENTED_EDGE('',*,*,#1817,.T.);
#2405=ORIENTED_EDGE('',*,*,#1818,.F.);
#2406=ORIENTED_EDGE('',*,*,#1819,.F.);
#2407=ORIENTED_EDGE('',*,*,#1820,.F.);
#2408=ORIENTED_EDGE('',*,*,#1821,.F.);
#2409=ORIENTED_EDGE('',*,*,#1822,.F.);
#2410=ORIENTED_EDGE('',*,*,#1817,.F.);
#2411=ORIENTED_EDGE('',*,*,#1823,.F.);
#2412=ORIENTED_EDGE('',*,*,#1799,.F.);
#2413=ORIENTED_EDGE('',*,*,#1824,.T.);
#2414=ORIENTED_EDGE('',*,*,#1825,.F.);
#2415=ORIENTED_EDGE('',*,*,#1826,.F.);
#2416=ORIENTED_EDGE('',*,*,#1795,.T.);
#2417=ORIENTED_EDGE('',*,*,#1813,.T.);
#2418=ORIENTED_EDGE('',*,*,#1827,.T.);
#2419=ORIENTED_EDGE('',*,*,#1828,.F.);
#2420=ORIENTED_EDGE('',*,*,#1824,.F.);
#2421=ORIENTED_EDGE('',*,*,#1798,.F.);
#2422=ORIENTED_EDGE('',*,*,#1812,.T.);
#2423=ORIENTED_EDGE('',*,*,#1829,.T.);
#2424=ORIENTED_EDGE('',*,*,#1830,.F.);
#2425=ORIENTED_EDGE('',*,*,#1827,.F.);
#2426=ORIENTED_EDGE('',*,*,#1831,.F.);
#2427=ORIENTED_EDGE('',*,*,#1832,.F.);
#2428=ORIENTED_EDGE('',*,*,#1803,.F.);
#2429=ORIENTED_EDGE('',*,*,#1833,.F.);
#2430=ORIENTED_EDGE('',*,*,#1834,.F.);
#2431=ORIENTED_EDGE('',*,*,#1835,.F.);
#2432=ORIENTED_EDGE('',*,*,#1829,.F.);
#2433=ORIENTED_EDGE('',*,*,#1811,.T.);
#2434=ORIENTED_EDGE('',*,*,#1836,.T.);
#2435=ORIENTED_EDGE('',*,*,#1834,.T.);
#2436=ORIENTED_EDGE('',*,*,#1837,.F.);
#2437=ORIENTED_EDGE('',*,*,#1838,.F.);
#2438=ORIENTED_EDGE('',*,*,#1839,.T.);
#2439=ORIENTED_EDGE('',*,*,#1838,.T.);
#2440=ORIENTED_EDGE('',*,*,#1840,.F.);
#2441=ORIENTED_EDGE('',*,*,#1807,.T.);
#2442=ORIENTED_EDGE('',*,*,#1809,.F.);
#2443=ORIENTED_EDGE('',*,*,#1841,.F.);
#2444=ORIENTED_EDGE('',*,*,#1818,.T.);
#2445=ORIENTED_EDGE('',*,*,#1822,.T.);
#2446=ORIENTED_EDGE('',*,*,#1842,.F.);
#2447=ORIENTED_EDGE('',*,*,#1836,.F.);
#2448=ORIENTED_EDGE('',*,*,#1839,.F.);
#2449=ORIENTED_EDGE('',*,*,#1806,.F.);
#2450=ORIENTED_EDGE('',*,*,#1842,.T.);
#2451=ORIENTED_EDGE('',*,*,#1821,.T.);
#2452=ORIENTED_EDGE('',*,*,#1843,.F.);
#2453=ORIENTED_EDGE('',*,*,#1825,.T.);
#2454=ORIENTED_EDGE('',*,*,#1828,.T.);
#2455=ORIENTED_EDGE('',*,*,#1830,.T.);
#2456=ORIENTED_EDGE('',*,*,#1835,.T.);
#2457=ORIENTED_EDGE('',*,*,#1844,.F.);
#2458=ORIENTED_EDGE('',*,*,#1845,.F.);
#2459=ORIENTED_EDGE('',*,*,#1846,.F.);
#2460=ORIENTED_EDGE('',*,*,#1815,.T.);
#2461=ORIENTED_EDGE('',*,*,#1832,.T.);
#2462=ORIENTED_EDGE('',*,*,#1800,.T.);
#2463=ORIENTED_EDGE('',*,*,#1826,.T.);
#2464=ORIENTED_EDGE('',*,*,#1843,.T.);
#2465=ORIENTED_EDGE('',*,*,#1823,.T.);
#2466=ORIENTED_EDGE('',*,*,#1820,.T.);
#2467=ORIENTED_EDGE('',*,*,#1847,.F.);
#2468=ORIENTED_EDGE('',*,*,#1848,.F.);
#2469=ORIENTED_EDGE('',*,*,#1849,.T.);
#2470=ORIENTED_EDGE('',*,*,#1850,.T.);
#2471=ORIENTED_EDGE('',*,*,#1851,.F.);
#2472=ORIENTED_EDGE('',*,*,#1845,.T.);
#2473=ORIENTED_EDGE('',*,*,#1852,.F.);
#2474=ORIENTED_EDGE('',*,*,#1853,.F.);
#2475=ORIENTED_EDGE('',*,*,#1854,.F.);
#2476=ORIENTED_EDGE('',*,*,#1855,.T.);
#2477=ORIENTED_EDGE('',*,*,#1856,.F.);
#2478=ORIENTED_EDGE('',*,*,#1789,.T.);
#2479=ORIENTED_EDGE('',*,*,#1791,.T.);
#2480=ORIENTED_EDGE('',*,*,#1857,.F.);
#2481=ORIENTED_EDGE('',*,*,#1858,.F.);
#2482=ORIENTED_EDGE('',*,*,#1859,.F.);
#2483=ORIENTED_EDGE('',*,*,#1860,.F.);
#2484=ORIENTED_EDGE('',*,*,#1861,.F.);
#2485=ORIENTED_EDGE('',*,*,#1862,.T.);
#2486=ORIENTED_EDGE('',*,*,#1863,.F.);
#2487=ORIENTED_EDGE('',*,*,#1862,.F.);
#2488=ORIENTED_EDGE('',*,*,#1864,.F.);
#2489=ORIENTED_EDGE('',*,*,#1865,.T.);
#2490=ORIENTED_EDGE('',*,*,#1866,.F.);
#2491=ORIENTED_EDGE('',*,*,#1865,.F.);
#2492=ORIENTED_EDGE('',*,*,#1867,.F.);
#2493=ORIENTED_EDGE('',*,*,#1868,.F.);
#2494=ORIENTED_EDGE('',*,*,#1869,.F.);
#2495=ORIENTED_EDGE('',*,*,#1870,.T.);
#2496=ORIENTED_EDGE('',*,*,#1871,.F.);
#2497=ORIENTED_EDGE('',*,*,#1870,.F.);
#2498=ORIENTED_EDGE('',*,*,#1872,.F.);
#2499=ORIENTED_EDGE('',*,*,#1873,.T.);
#2500=ORIENTED_EDGE('',*,*,#1874,.F.);
#2501=ORIENTED_EDGE('',*,*,#1873,.F.);
#2502=ORIENTED_EDGE('',*,*,#1875,.F.);
#2503=ORIENTED_EDGE('',*,*,#1876,.T.);
#2504=ORIENTED_EDGE('',*,*,#1877,.F.);
#2505=ORIENTED_EDGE('',*,*,#1876,.F.);
#2506=ORIENTED_EDGE('',*,*,#1878,.F.);
#2507=ORIENTED_EDGE('',*,*,#1868,.T.);
#2508=ORIENTED_EDGE('',*,*,#1879,.F.);
#2509=ORIENTED_EDGE('',*,*,#1880,.T.);
#2510=ORIENTED_EDGE('',*,*,#1881,.T.);
#2511=ORIENTED_EDGE('',*,*,#1882,.F.);
#2512=ORIENTED_EDGE('',*,*,#1883,.F.);
#2513=ORIENTED_EDGE('',*,*,#1884,.T.);
#2514=ORIENTED_EDGE('',*,*,#1885,.T.);
#2515=ORIENTED_EDGE('',*,*,#1880,.F.);
#2516=ORIENTED_EDGE('',*,*,#1886,.F.);
#2517=ORIENTED_EDGE('',*,*,#1887,.T.);
#2518=ORIENTED_EDGE('',*,*,#1888,.T.);
#2519=ORIENTED_EDGE('',*,*,#1884,.F.);
#2520=ORIENTED_EDGE('',*,*,#1889,.F.);
#2521=ORIENTED_EDGE('',*,*,#1882,.T.);
#2522=ORIENTED_EDGE('',*,*,#1890,.T.);
#2523=ORIENTED_EDGE('',*,*,#1887,.F.);
#2524=ORIENTED_EDGE('',*,*,#1890,.F.);
#2525=ORIENTED_EDGE('',*,*,#1881,.F.);
#2526=ORIENTED_EDGE('',*,*,#1885,.F.);
#2527=ORIENTED_EDGE('',*,*,#1888,.F.);
#2528=ORIENTED_EDGE('',*,*,#1861,.T.);
#2529=ORIENTED_EDGE('',*,*,#1864,.T.);
#2530=ORIENTED_EDGE('',*,*,#1875,.T.);
#2531=ORIENTED_EDGE('',*,*,#1872,.T.);
#2532=ORIENTED_EDGE('',*,*,#1869,.T.);
#2533=ORIENTED_EDGE('',*,*,#1878,.T.);
#2534=ORIENTED_EDGE('',*,*,#1846,.T.);
#2535=ORIENTED_EDGE('',*,*,#1851,.T.);
#2536=ORIENTED_EDGE('',*,*,#1891,.T.);
#2537=ORIENTED_EDGE('',*,*,#1753,.F.);
#2538=ORIENTED_EDGE('',*,*,#1892,.F.);
#2539=ORIENTED_EDGE('',*,*,#1847,.T.);
#2540=ORIENTED_EDGE('',*,*,#1819,.T.);
#2541=ORIENTED_EDGE('',*,*,#1841,.T.);
#2542=ORIENTED_EDGE('',*,*,#1808,.T.);
#2543=ORIENTED_EDGE('',*,*,#1840,.T.);
#2544=ORIENTED_EDGE('',*,*,#1837,.T.);
#2545=ORIENTED_EDGE('',*,*,#1833,.T.);
#2546=ORIENTED_EDGE('',*,*,#1802,.T.);
#2547=ORIENTED_EDGE('',*,*,#1814,.T.);
#2548=ORIENTED_EDGE('',*,*,#1805,.T.);
#2549=ORIENTED_EDGE('',*,*,#1816,.T.);
#2550=ORIENTED_EDGE('',*,*,#1879,.T.);
#2551=ORIENTED_EDGE('',*,*,#1889,.T.);
#2552=ORIENTED_EDGE('',*,*,#1886,.T.);
#2553=ORIENTED_EDGE('',*,*,#1883,.T.);
#2554=ORIENTED_EDGE('',*,*,#1893,.F.);
#2555=ORIENTED_EDGE('',*,*,#1894,.F.);
#2556=ORIENTED_EDGE('',*,*,#1895,.F.);
#2557=ORIENTED_EDGE('',*,*,#1896,.T.);
#2558=ORIENTED_EDGE('',*,*,#1897,.F.);
#2559=ORIENTED_EDGE('',*,*,#1898,.T.);
#2560=ORIENTED_EDGE('',*,*,#1899,.F.);
#2561=ORIENTED_EDGE('',*,*,#1900,.T.);
#2562=ORIENTED_EDGE('',*,*,#1895,.T.);
#2563=ORIENTED_EDGE('',*,*,#1900,.F.);
#2564=ORIENTED_EDGE('',*,*,#1901,.F.);
#2565=ORIENTED_EDGE('',*,*,#1902,.T.);
#2566=ORIENTED_EDGE('',*,*,#1893,.T.);
#2567=ORIENTED_EDGE('',*,*,#1902,.F.);
#2568=ORIENTED_EDGE('',*,*,#1903,.F.);
#2569=ORIENTED_EDGE('',*,*,#1904,.T.);
#2570=ORIENTED_EDGE('',*,*,#1897,.T.);
#2571=ORIENTED_EDGE('',*,*,#1904,.F.);
#2572=ORIENTED_EDGE('',*,*,#1905,.F.);
#2573=ORIENTED_EDGE('',*,*,#1906,.T.);
#2574=ORIENTED_EDGE('',*,*,#1894,.T.);
#2575=ORIENTED_EDGE('',*,*,#1906,.F.);
#2576=ORIENTED_EDGE('',*,*,#1896,.F.);
#2577=ORIENTED_EDGE('',*,*,#1907,.T.);
#2578=ORIENTED_EDGE('',*,*,#1788,.F.);
#2579=ORIENTED_EDGE('',*,*,#1907,.F.);
#2580=ORIENTED_EDGE('',*,*,#1898,.F.);
#2581=ORIENTED_EDGE('',*,*,#1908,.T.);
#2582=ORIENTED_EDGE('',*,*,#1786,.F.);
#2583=ORIENTED_EDGE('',*,*,#1908,.F.);
#2584=ORIENTED_EDGE('',*,*,#1909,.T.);
#2585=ORIENTED_EDGE('',*,*,#1781,.F.);
#2586=ORIENTED_EDGE('',*,*,#1910,.F.);
#2587=ORIENTED_EDGE('',*,*,#1853,.T.);
#2588=ORIENTED_EDGE('',*,*,#1797,.T.);
#2589=ORIENTED_EDGE('',*,*,#1856,.T.);
#2590=ORIENTED_EDGE('',*,*,#1911,.F.);
#2591=ORIENTED_EDGE('',*,*,#1782,.F.);
#2592=ORIENTED_EDGE('',*,*,#1909,.F.);
#2593=ORIENTED_EDGE('',*,*,#1852,.T.);
#2594=ORIENTED_EDGE('',*,*,#1844,.T.);
#2595=ORIENTED_EDGE('',*,*,#1831,.T.);
#2596=ORIENTED_EDGE('',*,*,#1810,.T.);
#2597=ORIENTED_EDGE('',*,*,#1793,.T.);
#2598=ORIENTED_EDGE('',*,*,#1863,.T.);
#2599=ORIENTED_EDGE('',*,*,#1866,.T.);
#2600=ORIENTED_EDGE('',*,*,#1874,.T.);
#2601=ORIENTED_EDGE('',*,*,#1877,.T.);
#2602=ORIENTED_EDGE('',*,*,#1867,.T.);
#2603=ORIENTED_EDGE('',*,*,#1871,.T.);
#2604=ORIENTED_EDGE('',*,*,#1911,.T.);
#2605=ORIENTED_EDGE('',*,*,#1855,.F.);
#2606=ORIENTED_EDGE('',*,*,#1912,.T.);
#2607=ORIENTED_EDGE('',*,*,#1783,.F.);
#2608=ORIENTED_EDGE('',*,*,#1857,.T.);
#2609=ORIENTED_EDGE('',*,*,#1913,.T.);
#2610=ORIENTED_EDGE('',*,*,#1899,.T.);
#2611=ORIENTED_EDGE('',*,*,#1913,.F.);
#2612=ORIENTED_EDGE('',*,*,#1858,.T.);
#2613=ORIENTED_EDGE('',*,*,#1914,.T.);
#2614=ORIENTED_EDGE('',*,*,#1901,.T.);
#2615=ORIENTED_EDGE('',*,*,#1914,.F.);
#2616=ORIENTED_EDGE('',*,*,#1859,.T.);
#2617=ORIENTED_EDGE('',*,*,#1915,.T.);
#2618=ORIENTED_EDGE('',*,*,#1903,.T.);
#2619=ORIENTED_EDGE('',*,*,#1915,.F.);
#2620=ORIENTED_EDGE('',*,*,#1860,.T.);
#2621=ORIENTED_EDGE('',*,*,#1916,.T.);
#2622=ORIENTED_EDGE('',*,*,#1905,.T.);
#2623=ORIENTED_EDGE('',*,*,#1916,.F.);
#2624=ORIENTED_EDGE('',*,*,#1854,.T.);
#2625=ORIENTED_EDGE('',*,*,#1910,.T.);
#2626=ORIENTED_EDGE('',*,*,#1784,.F.);
#2627=ORIENTED_EDGE('',*,*,#1912,.F.);
#2628=ORIENTED_EDGE('',*,*,#1850,.F.);
#2629=ORIENTED_EDGE('',*,*,#1917,.T.);
#2630=ORIENTED_EDGE('',*,*,#1754,.F.);
#2631=ORIENTED_EDGE('',*,*,#1891,.F.);
#2632=ORIENTED_EDGE('',*,*,#1918,.F.);
#2633=ORIENTED_EDGE('',*,*,#1848,.T.);
#2634=ORIENTED_EDGE('',*,*,#1892,.T.);
#2635=ORIENTED_EDGE('',*,*,#1756,.F.);
#2636=ORIENTED_EDGE('',*,*,#1849,.F.);
#2637=ORIENTED_EDGE('',*,*,#1918,.T.);
#2638=ORIENTED_EDGE('',*,*,#1755,.F.);
#2639=ORIENTED_EDGE('',*,*,#1917,.F.);
#2640=ORIENTED_EDGE('',*,*,#1919,.F.);
#2641=ORIENTED_EDGE('',*,*,#1920,.T.);
#2642=ORIENTED_EDGE('',*,*,#1921,.T.);
#2643=ORIENTED_EDGE('',*,*,#1920,.F.);
#2644=ORIENTED_EDGE('',*,*,#1921,.F.);
#2645=ORIENTED_EDGE('',*,*,#1922,.F.);
#2646=ORIENTED_EDGE('',*,*,#1923,.F.);
#2647=ORIENTED_EDGE('',*,*,#1924,.T.);
#2648=ORIENTED_EDGE('',*,*,#1925,.T.);
#2649=ORIENTED_EDGE('',*,*,#1924,.F.);
#2650=ORIENTED_EDGE('',*,*,#1925,.F.);
#2651=ORIENTED_EDGE('',*,*,#1926,.F.);
#2652=ORIENTED_EDGE('',*,*,#1927,.F.);
#2653=ORIENTED_EDGE('',*,*,#1928,.T.);
#2654=ORIENTED_EDGE('',*,*,#1929,.T.);
#2655=ORIENTED_EDGE('',*,*,#1928,.F.);
#2656=ORIENTED_EDGE('',*,*,#1929,.F.);
#2657=ORIENTED_EDGE('',*,*,#1930,.F.);
#2658=ORIENTED_EDGE('',*,*,#1931,.F.);
#2659=ORIENTED_EDGE('',*,*,#1932,.T.);
#2660=ORIENTED_EDGE('',*,*,#1933,.T.);
#2661=ORIENTED_EDGE('',*,*,#1932,.F.);
#2662=ORIENTED_EDGE('',*,*,#1933,.F.);
#2663=ORIENTED_EDGE('',*,*,#1934,.F.);
#2664=ORIENTED_EDGE('',*,*,#1935,.F.);
#2665=ORIENTED_EDGE('',*,*,#1936,.F.);
#2666=ORIENTED_EDGE('',*,*,#1930,.T.);
#2667=ORIENTED_EDGE('',*,*,#1937,.T.);
#2668=ORIENTED_EDGE('',*,*,#1938,.T.);
#2669=ORIENTED_EDGE('',*,*,#1937,.F.);
#2670=ORIENTED_EDGE('',*,*,#1939,.F.);
#2671=ORIENTED_EDGE('',*,*,#1940,.T.);
#2672=ORIENTED_EDGE('',*,*,#1941,.T.);
#2673=ORIENTED_EDGE('',*,*,#1942,.F.);
#2674=ORIENTED_EDGE('',*,*,#1943,.F.);
#2675=ORIENTED_EDGE('',*,*,#1944,.T.);
#2676=ORIENTED_EDGE('',*,*,#1939,.T.);
#2677=ORIENTED_EDGE('',*,*,#1945,.F.);
#2678=ORIENTED_EDGE('',*,*,#1946,.F.);
#2679=ORIENTED_EDGE('',*,*,#1947,.T.);
#2680=ORIENTED_EDGE('',*,*,#1943,.T.);
#2681=ORIENTED_EDGE('',*,*,#1948,.F.);
#2682=ORIENTED_EDGE('',*,*,#1941,.F.);
#2683=ORIENTED_EDGE('',*,*,#1949,.T.);
#2684=ORIENTED_EDGE('',*,*,#1946,.T.);
#2685=ORIENTED_EDGE('',*,*,#1950,.F.);
#2686=ORIENTED_EDGE('',*,*,#1951,.T.);
#2687=ORIENTED_EDGE('',*,*,#1952,.T.);
#2688=ORIENTED_EDGE('',*,*,#1953,.T.);
#2689=ORIENTED_EDGE('',*,*,#1954,.T.);
#2690=ORIENTED_EDGE('',*,*,#1949,.F.);
#2691=ORIENTED_EDGE('',*,*,#1940,.F.);
#2692=ORIENTED_EDGE('',*,*,#1944,.F.);
#2693=ORIENTED_EDGE('',*,*,#1947,.F.);
#2694=ORIENTED_EDGE('',*,*,#1955,.F.);
#2695=ORIENTED_EDGE('',*,*,#1956,.T.);
#2696=ORIENTED_EDGE('',*,*,#1957,.F.);
#2697=ORIENTED_EDGE('',*,*,#1958,.F.);
#2698=ORIENTED_EDGE('',*,*,#1959,.F.);
#2699=ORIENTED_EDGE('',*,*,#1960,.T.);
#2700=ORIENTED_EDGE('',*,*,#1961,.T.);
#2701=ORIENTED_EDGE('',*,*,#1962,.F.);
#2702=ORIENTED_EDGE('',*,*,#1956,.F.);
#2703=ORIENTED_EDGE('',*,*,#1963,.F.);
#2704=ORIENTED_EDGE('',*,*,#1950,.T.);
#2705=ORIENTED_EDGE('',*,*,#1948,.T.);
#2706=ORIENTED_EDGE('',*,*,#1945,.T.);
#2707=ORIENTED_EDGE('',*,*,#1942,.T.);
#2708=ORIENTED_EDGE('',*,*,#1964,.T.);
#2709=ORIENTED_EDGE('',*,*,#1965,.T.);
#2710=ORIENTED_EDGE('',*,*,#1957,.T.);
#2711=ORIENTED_EDGE('',*,*,#1962,.T.);
#2712=ORIENTED_EDGE('',*,*,#1966,.F.);
#2713=ORIENTED_EDGE('',*,*,#1958,.T.);
#2714=ORIENTED_EDGE('',*,*,#1965,.F.);
#2715=ORIENTED_EDGE('',*,*,#1967,.F.);
#2716=ORIENTED_EDGE('',*,*,#1968,.F.);
#2717=ORIENTED_EDGE('',*,*,#1969,.T.);
#2718=ORIENTED_EDGE('',*,*,#1970,.T.);
#2719=ORIENTED_EDGE('',*,*,#1971,.F.);
#2720=ORIENTED_EDGE('',*,*,#1972,.T.);
#2721=ORIENTED_EDGE('',*,*,#1973,.T.);
#2722=ORIENTED_EDGE('',*,*,#1974,.T.);
#2723=ORIENTED_EDGE('',*,*,#1975,.T.);
#2724=ORIENTED_EDGE('',*,*,#1976,.F.);
#2725=ORIENTED_EDGE('',*,*,#1922,.T.);
#2726=ORIENTED_EDGE('',*,*,#1977,.T.);
#2727=ORIENTED_EDGE('',*,*,#1936,.T.);
#2728=ORIENTED_EDGE('',*,*,#1977,.F.);
#2729=ORIENTED_EDGE('',*,*,#1926,.T.);
#2730=ORIENTED_EDGE('',*,*,#1978,.T.);
#2731=ORIENTED_EDGE('',*,*,#1935,.T.);
#2732=ORIENTED_EDGE('',*,*,#1978,.F.);
#2733=ORIENTED_EDGE('',*,*,#1969,.F.);
#2734=ORIENTED_EDGE('',*,*,#1979,.T.);
#2735=ORIENTED_EDGE('',*,*,#1980,.F.);
#2736=ORIENTED_EDGE('',*,*,#1981,.F.);
#2737=ORIENTED_EDGE('',*,*,#1982,.F.);
#2738=ORIENTED_EDGE('',*,*,#1983,.F.);
#2739=ORIENTED_EDGE('',*,*,#1984,.T.);
#2740=ORIENTED_EDGE('',*,*,#1952,.F.);
#2741=ORIENTED_EDGE('',*,*,#1984,.F.);
#2742=ORIENTED_EDGE('',*,*,#1985,.F.);
#2743=ORIENTED_EDGE('',*,*,#1986,.T.);
#2744=ORIENTED_EDGE('',*,*,#1953,.F.);
#2745=ORIENTED_EDGE('',*,*,#1986,.F.);
#2746=ORIENTED_EDGE('',*,*,#1987,.F.);
#2747=ORIENTED_EDGE('',*,*,#1988,.T.);
#2748=ORIENTED_EDGE('',*,*,#1954,.F.);
#2749=ORIENTED_EDGE('',*,*,#1981,.T.);
#2750=ORIENTED_EDGE('',*,*,#1989,.F.);
#2751=ORIENTED_EDGE('',*,*,#1982,.T.);
#2752=ORIENTED_EDGE('',*,*,#1951,.F.);
#2753=ORIENTED_EDGE('',*,*,#1988,.F.);
#2754=ORIENTED_EDGE('',*,*,#1990,.F.);
#2755=ORIENTED_EDGE('',*,*,#1991,.F.);
#2756=ORIENTED_EDGE('',*,*,#1970,.F.);
#2757=ORIENTED_EDGE('',*,*,#1971,.T.);
#2758=ORIENTED_EDGE('',*,*,#1991,.T.);
#2759=ORIENTED_EDGE('',*,*,#1992,.F.);
#2760=ORIENTED_EDGE('',*,*,#1993,.F.);
#2761=ORIENTED_EDGE('',*,*,#1972,.F.);
#2762=ORIENTED_EDGE('',*,*,#1993,.T.);
#2763=ORIENTED_EDGE('',*,*,#1994,.F.);
#2764=ORIENTED_EDGE('',*,*,#1995,.F.);
#2765=ORIENTED_EDGE('',*,*,#1973,.F.);
#2766=ORIENTED_EDGE('',*,*,#1995,.T.);
#2767=ORIENTED_EDGE('',*,*,#1996,.F.);
#2768=ORIENTED_EDGE('',*,*,#1997,.F.);
#2769=ORIENTED_EDGE('',*,*,#1974,.F.);
#2770=ORIENTED_EDGE('',*,*,#1997,.T.);
#2771=ORIENTED_EDGE('',*,*,#1998,.F.);
#2772=ORIENTED_EDGE('',*,*,#1999,.F.);
#2773=ORIENTED_EDGE('',*,*,#1955,.T.);
#2774=ORIENTED_EDGE('',*,*,#1966,.T.);
#2775=ORIENTED_EDGE('',*,*,#2000,.T.);
#2776=ORIENTED_EDGE('',*,*,#2001,.T.);
#2777=ORIENTED_EDGE('',*,*,#2002,.T.);
#2778=ORIENTED_EDGE('',*,*,#1963,.T.);
#2779=ORIENTED_EDGE('',*,*,#2003,.F.);
#2780=ORIENTED_EDGE('',*,*,#2004,.T.);
#2781=ORIENTED_EDGE('',*,*,#1959,.T.);
#2782=ORIENTED_EDGE('',*,*,#2002,.F.);
#2783=ORIENTED_EDGE('',*,*,#2004,.F.);
#2784=ORIENTED_EDGE('',*,*,#2005,.F.);
#2785=ORIENTED_EDGE('',*,*,#2006,.T.);
#2786=ORIENTED_EDGE('',*,*,#1960,.F.);
#2787=ORIENTED_EDGE('',*,*,#2006,.F.);
#2788=ORIENTED_EDGE('',*,*,#2007,.F.);
#2789=ORIENTED_EDGE('',*,*,#2008,.F.);
#2790=ORIENTED_EDGE('',*,*,#1975,.F.);
#2791=ORIENTED_EDGE('',*,*,#1999,.T.);
#2792=ORIENTED_EDGE('',*,*,#2009,.T.);
#2793=ORIENTED_EDGE('',*,*,#2000,.F.);
#2794=ORIENTED_EDGE('',*,*,#1967,.T.);
#2795=ORIENTED_EDGE('',*,*,#1964,.F.);
#2796=ORIENTED_EDGE('',*,*,#1961,.F.);
#2797=ORIENTED_EDGE('',*,*,#1968,.T.);
#2798=ORIENTED_EDGE('',*,*,#2008,.T.);
#2799=ORIENTED_EDGE('',*,*,#2010,.F.);
#2800=ORIENTED_EDGE('',*,*,#1979,.F.);
#2801=ORIENTED_EDGE('',*,*,#1934,.T.);
#2802=ORIENTED_EDGE('',*,*,#2011,.T.);
#2803=ORIENTED_EDGE('',*,*,#1976,.T.);
#2804=ORIENTED_EDGE('',*,*,#2011,.F.);
#2805=ORIENTED_EDGE('',*,*,#2010,.T.);
#2806=ORIENTED_EDGE('',*,*,#2007,.T.);
#2807=ORIENTED_EDGE('',*,*,#2005,.T.);
#2808=ORIENTED_EDGE('',*,*,#2003,.T.);
#2809=ORIENTED_EDGE('',*,*,#2001,.F.);
#2810=ORIENTED_EDGE('',*,*,#2009,.F.);
#2811=ORIENTED_EDGE('',*,*,#1998,.T.);
#2812=ORIENTED_EDGE('',*,*,#1996,.T.);
#2813=ORIENTED_EDGE('',*,*,#1994,.T.);
#2814=ORIENTED_EDGE('',*,*,#1992,.T.);
#2815=ORIENTED_EDGE('',*,*,#1990,.T.);
#2816=ORIENTED_EDGE('',*,*,#1987,.T.);
#2817=ORIENTED_EDGE('',*,*,#1985,.T.);
#2818=ORIENTED_EDGE('',*,*,#1983,.T.);
#2819=ORIENTED_EDGE('',*,*,#1989,.T.);
#2820=ORIENTED_EDGE('',*,*,#1980,.T.);
#2821=ORIENTED_EDGE('',*,*,#1931,.T.);
#2822=ORIENTED_EDGE('',*,*,#1927,.T.);
#2823=ORIENTED_EDGE('',*,*,#1923,.T.);
#2824=ORIENTED_EDGE('',*,*,#1919,.T.);
#2825=ORIENTED_EDGE('',*,*,#1938,.F.);
#2826=ORIENTED_EDGE('',*,*,#2012,.F.);
#2827=ORIENTED_EDGE('',*,*,#2013,.T.);
#2828=ORIENTED_EDGE('',*,*,#2014,.T.);
#2829=ORIENTED_EDGE('',*,*,#2013,.F.);
#2830=ORIENTED_EDGE('',*,*,#2015,.F.);
#2831=ORIENTED_EDGE('',*,*,#2016,.T.);
#2832=ORIENTED_EDGE('',*,*,#2017,.T.);
#2833=ORIENTED_EDGE('',*,*,#2016,.F.);
#2834=ORIENTED_EDGE('',*,*,#2015,.T.);
#2835=ORIENTED_EDGE('',*,*,#2012,.T.);
#2836=ORIENTED_EDGE('',*,*,#2017,.F.);
#2837=ORIENTED_EDGE('',*,*,#2014,.F.);
#2838=ORIENTED_EDGE('',*,*,#2018,.F.);
#2839=ORIENTED_EDGE('',*,*,#2019,.T.);
#2840=ORIENTED_EDGE('',*,*,#2020,.T.);
#2841=ORIENTED_EDGE('',*,*,#2019,.F.);
#2842=ORIENTED_EDGE('',*,*,#2021,.F.);
#2843=ORIENTED_EDGE('',*,*,#2022,.T.);
#2844=ORIENTED_EDGE('',*,*,#2023,.T.);
#2845=ORIENTED_EDGE('',*,*,#2022,.F.);
#2846=ORIENTED_EDGE('',*,*,#2021,.T.);
#2847=ORIENTED_EDGE('',*,*,#2018,.T.);
#2848=ORIENTED_EDGE('',*,*,#2023,.F.);
#2849=ORIENTED_EDGE('',*,*,#2020,.F.);
#2850=ORIENTED_EDGE('',*,*,#2024,.F.);
#2851=ORIENTED_EDGE('',*,*,#2025,.T.);
#2852=ORIENTED_EDGE('',*,*,#2026,.T.);
#2853=ORIENTED_EDGE('',*,*,#2025,.F.);
#2854=ORIENTED_EDGE('',*,*,#2027,.F.);
#2855=ORIENTED_EDGE('',*,*,#2028,.T.);
#2856=ORIENTED_EDGE('',*,*,#2029,.T.);
#2857=ORIENTED_EDGE('',*,*,#2028,.F.);
#2858=ORIENTED_EDGE('',*,*,#2027,.T.);
#2859=ORIENTED_EDGE('',*,*,#2024,.T.);
#2860=ORIENTED_EDGE('',*,*,#2029,.F.);
#2861=ORIENTED_EDGE('',*,*,#2026,.F.);
#2862=ORIENTED_EDGE('',*,*,#2030,.F.);
#2863=ORIENTED_EDGE('',*,*,#2031,.T.);
#2864=ORIENTED_EDGE('',*,*,#2032,.T.);
#2865=ORIENTED_EDGE('',*,*,#2031,.F.);
#2866=ORIENTED_EDGE('',*,*,#2033,.F.);
#2867=ORIENTED_EDGE('',*,*,#2034,.T.);
#2868=ORIENTED_EDGE('',*,*,#2035,.T.);
#2869=ORIENTED_EDGE('',*,*,#2034,.F.);
#2870=ORIENTED_EDGE('',*,*,#2033,.T.);
#2871=ORIENTED_EDGE('',*,*,#2030,.T.);
#2872=ORIENTED_EDGE('',*,*,#2035,.F.);
#2873=ORIENTED_EDGE('',*,*,#2032,.F.);
#2874=CYLINDRICAL_SURFACE('',#3120,1.95);
#2875=CYLINDRICAL_SURFACE('',#3123,1.95);
#2876=CYLINDRICAL_SURFACE('',#3126,1.35);
#2877=CYLINDRICAL_SURFACE('',#3130,1.35);
#2878=CYLINDRICAL_SURFACE('',#3134,1.35);
#2879=CYLINDRICAL_SURFACE('',#3138,1.35);
#2880=CYLINDRICAL_SURFACE('',#3174,1.95);
#2881=CYLINDRICAL_SURFACE('',#3175,1.95);
#2882=CYLINDRICAL_SURFACE('',#3179,1.);
#2883=CYLINDRICAL_SURFACE('',#3184,1.);
#2884=CYLINDRICAL_SURFACE('',#3186,7.5);
#2885=CYLINDRICAL_SURFACE('',#3191,4.);
#2886=CYLINDRICAL_SURFACE('',#3194,4.);
#2887=CYLINDRICAL_SURFACE('',#3197,4.);
#2888=CYLINDRICAL_SURFACE('',#3200,4.);
#2889=CYLINDRICAL_SURFACE('',#3203,0.999999999999997);
#2890=CYLINDRICAL_SURFACE('',#3208,2.5);
#2891=CYLINDRICAL_SURFACE('',#3211,10.);
#2892=CYLINDRICAL_SURFACE('',#3217,3.5);
#2893=CYLINDRICAL_SURFACE('',#3222,3.5);
#2894=CYLINDRICAL_SURFACE('',#3227,3.5);
#2895=CYLINDRICAL_SURFACE('',#3232,3.5);
#2896=CYLINDRICAL_SURFACE('',#3243,1.95);
#2897=CYLINDRICAL_SURFACE('',#3245,1.95);
#2898=CYLINDRICAL_SURFACE('',#3247,3.);
#2899=CYLINDRICAL_SURFACE('',#3248,15.);
#2900=CYLINDRICAL_SURFACE('',#3251,4.);
#2901=CYLINDRICAL_SURFACE('',#3255,4.);
#2902=CYLINDRICAL_SURFACE('',#3258,6.);
#2903=CYLINDRICAL_SURFACE('',#3264,2.);
#2904=CYLINDRICAL_SURFACE('',#3272,4.);
#2905=CYLINDRICAL_SURFACE('',#3283,0.775000000000001);
#2906=CYLINDRICAL_SURFACE('',#3286,0.774999999999999);
#2907=CYLINDRICAL_SURFACE('',#3309,3.24999999999999);
#2908=CYLINDRICAL_SURFACE('',#3311,3.24999999999999);
#2909=CYLINDRICAL_SURFACE('',#3313,3.24999999999999);
#2910=CYLINDRICAL_SURFACE('',#3315,3.24999999999999);
#2911=CYLINDRICAL_SURFACE('',#3317,1.95);
#2912=CYLINDRICAL_SURFACE('',#3318,1.95);
#2913=CYLINDRICAL_SURFACE('',#3334,2.125);
#2914=CYLINDRICAL_SURFACE('',#3339,2.125);
#2915=CYLINDRICAL_SURFACE('',#3344,2.125);
#2916=CYLINDRICAL_SURFACE('',#3349,2.125);
#2917=CYLINDRICAL_SURFACE('',#3358,1.95);
#2918=CYLINDRICAL_SURFACE('',#3372,1.95);
#2919=CYLINDRICAL_SURFACE('',#3373,1.95);
#2920=CYLINDRICAL_SURFACE('',#3388,1.95);
#2921=CYLINDRICAL_SURFACE('',#3391,1.99999999999999);
#2922=CYLINDRICAL_SURFACE('',#3394,3.00000000000001);
#2923=CYLINDRICAL_SURFACE('',#3399,1.99999999999999);
#2924=CYLINDRICAL_SURFACE('',#3402,3.);
#2925=CYLINDRICAL_SURFACE('',#3407,1.99999999999999);
#2926=CYLINDRICAL_SURFACE('',#3410,2.99999999999999);
#2927=CYLINDRICAL_SURFACE('',#3415,1.99999999999999);
#2928=CYLINDRICAL_SURFACE('',#3418,3.);
#2929=ADVANCED_FACE('',(#215),#2874,.F.);
#2930=ADVANCED_FACE('',(#216),#2875,.F.);
#2931=ADVANCED_FACE('',(#217),#2876,.F.);
#2932=ADVANCED_FACE('',(#218),#97,.T.);
#2933=ADVANCED_FACE('',(#219),#2877,.F.);
#2934=ADVANCED_FACE('',(#220),#98,.T.);
#2935=ADVANCED_FACE('',(#221),#2878,.F.);
#2936=ADVANCED_FACE('',(#222),#99,.T.);
#2937=ADVANCED_FACE('',(#223),#2879,.F.);
#2938=ADVANCED_FACE('',(#224),#100,.T.);
#2939=ADVANCED_FACE('',(#225),#101,.T.);
#2940=ADVANCED_FACE('',(#226),#102,.T.);
#2941=ADVANCED_FACE('',(#227),#103,.T.);
#2942=ADVANCED_FACE('',(#228),#104,.T.);
#2943=ADVANCED_FACE('',(#229),#105,.T.);
#2944=ADVANCED_FACE('',(#230),#106,.T.);
#2945=ADVANCED_FACE('',(#231),#107,.T.);
#2946=ADVANCED_FACE('',(#232),#108,.T.);
#2947=ADVANCED_FACE('',(#233),#109,.T.);
#2948=ADVANCED_FACE('',(#234),#110,.T.);
#2949=ADVANCED_FACE('',(#235),#111,.T.);
#2950=ADVANCED_FACE('',(#236,#42,#43,#44,#45,#46,#47,#48,#49),#112,.T.);
#2951=ADVANCED_FACE('',(#237),#113,.T.);
#2952=ADVANCED_FACE('',(#238),#114,.T.);
#2953=ADVANCED_FACE('',(#239),#115,.T.);
#2954=ADVANCED_FACE('',(#240),#116,.T.);
#2955=ADVANCED_FACE('',(#241),#117,.T.);
#2956=ADVANCED_FACE('',(#242),#118,.T.);
#2957=ADVANCED_FACE('',(#243),#119,.F.);
#2958=ADVANCED_FACE('',(#244),#120,.F.);
#2959=ADVANCED_FACE('',(#245),#121,.F.);
#2960=ADVANCED_FACE('',(#246,#50,#51,#52,#53),#122,.F.);
#2961=ADVANCED_FACE('',(#247),#123,.F.);
#2962=ADVANCED_FACE('',(#248),#124,.T.);
#2963=ADVANCED_FACE('',(#249),#125,.F.);
#2964=ADVANCED_FACE('',(#250),#126,.F.);
#2965=ADVANCED_FACE('',(#251),#127,.F.);
#2966=ADVANCED_FACE('',(#252),#128,.T.);
#2967=ADVANCED_FACE('',(#253),#2880,.F.);
#2968=ADVANCED_FACE('',(#254),#2881,.F.);
#2969=ADVANCED_FACE('',(#255),#18,.T.);
#2970=ADVANCED_FACE('',(#256),#2882,.T.);
#2971=ADVANCED_FACE('',(#257),#19,.T.);
#2972=ADVANCED_FACE('',(#258),#2883,.T.);
#2973=ADVANCED_FACE('',(#259),#129,.T.);
#2974=ADVANCED_FACE('',(#260),#2884,.F.);
#2975=ADVANCED_FACE('',(#261,#54),#130,.F.);
#2976=ADVANCED_FACE('',(#262),#2885,.F.);
#2977=ADVANCED_FACE('',(#263),#2886,.F.);
#2978=ADVANCED_FACE('',(#264),#2887,.F.);
#2979=ADVANCED_FACE('',(#265),#2888,.F.);
#2980=ADVANCED_FACE('',(#266),#2889,.F.);
#2981=ADVANCED_FACE('',(#267),#131,.T.);
#2982=ADVANCED_FACE('',(#268,#55,#56,#57,#58,#59),#132,.T.);
#2983=ADVANCED_FACE('',(#269),#133,.F.);
#2984=ADVANCED_FACE('',(#270),#2890,.F.);
#2985=ADVANCED_FACE('',(#271),#134,.F.);
#2986=ADVANCED_FACE('',(#272),#2891,.F.);
#2987=ADVANCED_FACE('',(#273),#135,.T.);
#2988=ADVANCED_FACE('',(#274),#20,.T.);
#2989=ADVANCED_FACE('',(#275),#2892,.F.);
#2990=ADVANCED_FACE('',(#276),#21,.T.);
#2991=ADVANCED_FACE('',(#277),#2893,.F.);
#2992=ADVANCED_FACE('',(#278),#22,.T.);
#2993=ADVANCED_FACE('',(#279),#2894,.F.);
#2994=ADVANCED_FACE('',(#280),#23,.T.);
#2995=ADVANCED_FACE('',(#281),#2895,.F.);
#2996=ADVANCED_FACE('',(#282),#136,.F.);
#2997=ADVANCED_FACE('',(#283,#60),#137,.T.);
#2998=ADVANCED_FACE('',(#284,#61),#138,.T.);
#2999=ADVANCED_FACE('',(#285,#62),#139,.T.);
#3000=ADVANCED_FACE('',(#286,#63),#140,.T.);
#3001=ADVANCED_FACE('',(#287),#2896,.F.);
#3002=ADVANCED_FACE('',(#288),#2897,.F.);
#3003=ADVANCED_FACE('',(#289),#2898,.T.);
#3004=ADVANCED_FACE('',(#290),#2899,.T.);
#3005=ADVANCED_FACE('',(#291),#2900,.F.);
#3006=ADVANCED_FACE('',(#292),#2901,.F.);
#3007=ADVANCED_FACE('',(#293),#2902,.T.);
#3008=ADVANCED_FACE('',(#294),#141,.T.);
#3009=ADVANCED_FACE('',(#295),#142,.T.);
#3010=ADVANCED_FACE('',(#296),#143,.T.);
#3011=ADVANCED_FACE('',(#297),#2903,.T.);
#3012=ADVANCED_FACE('',(#298),#144,.T.);
#3013=ADVANCED_FACE('',(#299),#145,.F.);
#3014=ADVANCED_FACE('',(#300),#146,.T.);
#3015=ADVANCED_FACE('',(#301),#147,.T.);
#3016=ADVANCED_FACE('',(#302),#2904,.F.);
#3017=ADVANCED_FACE('',(#303),#148,.T.);
#3018=ADVANCED_FACE('',(#304),#149,.T.);
#3019=ADVANCED_FACE('',(#305),#150,.T.);
#3020=ADVANCED_FACE('',(#306),#151,.T.);
#3021=ADVANCED_FACE('',(#307,#64,#65,#66,#67,#68,#69),#152,.F.);
#3022=ADVANCED_FACE('',(#308),#2905,.F.);
#3023=ADVANCED_FACE('',(#309),#2906,.F.);
#3024=ADVANCED_FACE('',(#310),#153,.F.);
#3025=ADVANCED_FACE('',(#311),#154,.F.);
#3026=ADVANCED_FACE('',(#312),#155,.F.);
#3027=ADVANCED_FACE('',(#313),#156,.F.);
#3028=ADVANCED_FACE('',(#314),#157,.F.);
#3029=ADVANCED_FACE('',(#315),#158,.F.);
#3030=ADVANCED_FACE('',(#316),#159,.F.);
#3031=ADVANCED_FACE('',(#317),#160,.F.);
#3032=ADVANCED_FACE('',(#318,#70,#71,#72),#161,.F.);
#3033=ADVANCED_FACE('',(#319,#73),#162,.T.);
#3034=ADVANCED_FACE('',(#320),#163,.T.);
#3035=ADVANCED_FACE('',(#321),#164,.T.);
#3036=ADVANCED_FACE('',(#322,#74),#165,.T.);
#3037=ADVANCED_FACE('',(#323,#75),#166,.T.);
#3038=ADVANCED_FACE('',(#324),#2907,.F.);
#3039=ADVANCED_FACE('',(#325),#2908,.F.);
#3040=ADVANCED_FACE('',(#326),#2909,.F.);
#3041=ADVANCED_FACE('',(#327),#2910,.F.);
#3042=ADVANCED_FACE('',(#328),#2911,.F.);
#3043=ADVANCED_FACE('',(#329),#2912,.F.);
#3044=ADVANCED_FACE('',(#330),#167,.T.);
#3045=ADVANCED_FACE('',(#331,#76,#77,#78),#168,.T.);
#3046=ADVANCED_FACE('',(#332),#169,.T.);
#3047=ADVANCED_FACE('',(#333),#24,.T.);
#3048=ADVANCED_FACE('',(#334),#25,.T.);
#3049=ADVANCED_FACE('',(#335),#26,.T.);
#3050=ADVANCED_FACE('',(#336),#27,.T.);
#3051=ADVANCED_FACE('',(#337),#170,.T.);
#3052=ADVANCED_FACE('',(#338),#171,.T.);
#3053=ADVANCED_FACE('',(#339),#172,.T.);
#3054=ADVANCED_FACE('',(#340),#173,.T.);
#3055=ADVANCED_FACE('',(#341),#2913,.F.);
#3056=ADVANCED_FACE('',(#342,#79),#174,.T.);
#3057=ADVANCED_FACE('',(#343),#2914,.F.);
#3058=ADVANCED_FACE('',(#344,#80),#175,.T.);
#3059=ADVANCED_FACE('',(#345),#2915,.F.);
#3060=ADVANCED_FACE('',(#346,#81),#176,.T.);
#3061=ADVANCED_FACE('',(#347),#2916,.F.);
#3062=ADVANCED_FACE('',(#348,#82),#177,.T.);
#3063=ADVANCED_FACE('',(#349),#178,.T.);
#3064=ADVANCED_FACE('',(#350),#179,.T.);
#3065=ADVANCED_FACE('',(#351),#2917,.F.);
#3066=ADVANCED_FACE('',(#352),#180,.T.);
#3067=ADVANCED_FACE('',(#353),#181,.T.);
#3068=ADVANCED_FACE('',(#354),#182,.T.);
#3069=ADVANCED_FACE('',(#355),#183,.T.);
#3070=ADVANCED_FACE('',(#356,#83),#184,.F.);
#3071=ADVANCED_FACE('',(#357),#185,.T.);
#3072=ADVANCED_FACE('',(#358,#84),#186,.T.);
#3073=ADVANCED_FACE('',(#359),#187,.T.);
#3074=ADVANCED_FACE('',(#360),#188,.T.);
#3075=ADVANCED_FACE('',(#361),#189,.T.);
#3076=ADVANCED_FACE('',(#362),#190,.T.);
#3077=ADVANCED_FACE('',(#363),#2918,.F.);
#3078=ADVANCED_FACE('',(#364),#2919,.F.);
#3079=ADVANCED_FACE('',(#365),#191,.T.);
#3080=ADVANCED_FACE('',(#366),#192,.T.);
#3081=ADVANCED_FACE('',(#367),#193,.T.);
#3082=ADVANCED_FACE('',(#368),#194,.T.);
#3083=ADVANCED_FACE('',(#369),#195,.T.);
#3084=ADVANCED_FACE('',(#370),#196,.T.);
#3085=ADVANCED_FACE('',(#371),#197,.T.);
#3086=ADVANCED_FACE('',(#372),#198,.T.);
#3087=ADVANCED_FACE('',(#373),#199,.T.);
#3088=ADVANCED_FACE('',(#374),#200,.T.);
#3089=ADVANCED_FACE('',(#375),#201,.T.);
#3090=ADVANCED_FACE('',(#376),#202,.T.);
#3091=ADVANCED_FACE('',(#377),#203,.T.);
#3092=ADVANCED_FACE('',(#378),#204,.T.);
#3093=ADVANCED_FACE('',(#379),#2920,.F.);
#3094=ADVANCED_FACE('',(#380,#85,#86,#87,#88),#205,.T.);
#3095=ADVANCED_FACE('',(#381),#206,.T.);
#3096=ADVANCED_FACE('',(#382),#2921,.F.);
#3097=ADVANCED_FACE('',(#383),#2922,.T.);
#3098=ADVANCED_FACE('',(#384,#89),#207,.T.);
#3099=ADVANCED_FACE('',(#385,#90),#208,.F.);
#3100=ADVANCED_FACE('',(#386),#2923,.F.);
#3101=ADVANCED_FACE('',(#387),#2924,.T.);
#3102=ADVANCED_FACE('',(#388,#91),#209,.T.);
#3103=ADVANCED_FACE('',(#389,#92),#210,.F.);
#3104=ADVANCED_FACE('',(#390),#2925,.F.);
#3105=ADVANCED_FACE('',(#391),#2926,.T.);
#3106=ADVANCED_FACE('',(#392,#93),#211,.T.);
#3107=ADVANCED_FACE('',(#393,#94),#212,.F.);
#3108=ADVANCED_FACE('',(#394),#2927,.F.);
#3109=ADVANCED_FACE('',(#395),#2928,.T.);
#3110=ADVANCED_FACE('',(#396,#95),#213,.T.);
#3111=ADVANCED_FACE('',(#397,#96),#214,.F.);
#3112=CLOSED_SHELL('',(#2929,#2930,#2931,#2932,#2933,#2934,#2935,#2936,
#2937,#2938,#2939,#2940,#2941,#2942,#2943,#2944,#2945,#2946,#2947,#2948,
#2949,#2950,#2951,#2952,#2953,#2954,#2955,#2956,#2957,#2958,#2959,#2960,
#2961,#2962,#2963,#2964,#2965,#2966,#2967,#2968));
#3113=CLOSED_SHELL('',(#2969,#2970,#2971,#2972,#2973,#2974,#2975,#2976,
#2977,#2978,#2979,#2980,#2981,#2982,#2983,#2984,#2985,#2986,#2987,#2988,
#2989,#2990,#2991,#2992,#2993,#2994,#2995,#2996,#2997,#2998,#2999,#3000,
#3001,#3002,#3003,#3004,#3005,#3006,#3007,#3008,#3009,#3010,#3011,#3012,
#3013,#3014,#3015,#3016,#3017,#3018,#3019,#3020,#3021,#3022,#3023,#3024,
#3025,#3026,#3027,#3028,#3029,#3030,#3031,#3032,#3033,#3034,#3035,#3036,
#3037,#3038,#3039,#3040,#3041,#3042,#3043,#3044,#3045,#3046,#3047,#3048,
#3049,#3050,#3051,#3052,#3053,#3054));
#3114=CLOSED_SHELL('',(#3055,#3056,#3057,#3058,#3059,#3060,#3061,#3062,
#3063,#3064,#3065,#3066,#3067,#3068,#3069,#3070,#3071,#3072,#3073,#3074,
#3075,#3076,#3077,#3078,#3079,#3080,#3081,#3082,#3083,#3084,#3085,#3086,
#3087,#3088,#3089,#3090,#3091,#3092,#3093,#3094,#3095));
#3115=CLOSED_SHELL('',(#3096,#3097,#3098,#3099));
#3116=CLOSED_SHELL('',(#3100,#3101,#3102,#3103));
#3117=CLOSED_SHELL('',(#3104,#3105,#3106,#3107));
#3118=CLOSED_SHELL('',(#3108,#3109,#3110,#3111));
#3119=AXIS2_PLACEMENT_3D('',#4325,#3423,#3424);
#3120=AXIS2_PLACEMENT_3D('',#4326,#3425,#3426);
#3121=AXIS2_PLACEMENT_3D('',#4328,#3427,#3428);
#3122=AXIS2_PLACEMENT_3D('',#4331,#3430,#3431);
#3123=AXIS2_PLACEMENT_3D('',#4332,#3432,#3433);
#3124=AXIS2_PLACEMENT_3D('',#4334,#3434,#3435);
#3125=AXIS2_PLACEMENT_3D('',#4337,#3437,#3438);
#3126=AXIS2_PLACEMENT_3D('',#4338,#3439,#3440);
#3127=AXIS2_PLACEMENT_3D('',#4340,#3441,#3442);
#3128=AXIS2_PLACEMENT_3D('',#4343,#3444,#3445);
#3129=AXIS2_PLACEMENT_3D('',#4344,#3446,#3447);
#3130=AXIS2_PLACEMENT_3D('',#4345,#3448,#3449);
#3131=AXIS2_PLACEMENT_3D('',#4347,#3450,#3451);
#3132=AXIS2_PLACEMENT_3D('',#4350,#3453,#3454);
#3133=AXIS2_PLACEMENT_3D('',#4351,#3455,#3456);
#3134=AXIS2_PLACEMENT_3D('',#4352,#3457,#3458);
#3135=AXIS2_PLACEMENT_3D('',#4354,#3459,#3460);
#3136=AXIS2_PLACEMENT_3D('',#4357,#3462,#3463);
#3137=AXIS2_PLACEMENT_3D('',#4358,#3464,#3465);
#3138=AXIS2_PLACEMENT_3D('',#4359,#3466,#3467);
#3139=AXIS2_PLACEMENT_3D('',#4361,#3468,#3469);
#3140=AXIS2_PLACEMENT_3D('',#4364,#3471,#3472);
#3141=AXIS2_PLACEMENT_3D('',#4365,#3473,#3474);
#3142=AXIS2_PLACEMENT_3D('',#4366,#3475,#3476);
#3143=AXIS2_PLACEMENT_3D('',#4375,#3481,#3482);
#3144=AXIS2_PLACEMENT_3D('',#4386,#3488,#3489);
#3145=AXIS2_PLACEMENT_3D('',#4394,#3494,#3495);
#3146=AXIS2_PLACEMENT_3D('',#4400,#3499,#3500);
#3147=AXIS2_PLACEMENT_3D('',#4406,#3504,#3505);
#3148=AXIS2_PLACEMENT_3D('',#4412,#3509,#3510);
#3149=AXIS2_PLACEMENT_3D('',#4418,#3514,#3515);
#3150=AXIS2_PLACEMENT_3D('',#4424,#3519,#3520);
#3151=AXIS2_PLACEMENT_3D('',#4427,#3523,#3524);
#3152=AXIS2_PLACEMENT_3D('',#4431,#3527,#3528);
#3153=AXIS2_PLACEMENT_3D('',#4432,#3529,#3530);
#3154=AXIS2_PLACEMENT_3D('',#4463,#3546,#3547);
#3155=AXIS2_PLACEMENT_3D('',#4465,#3548,#3549);
#3156=AXIS2_PLACEMENT_3D('',#4466,#3550,#3551);
#3157=AXIS2_PLACEMENT_3D('',#4472,#3555,#3556);
#3158=AXIS2_PLACEMENT_3D('',#4476,#3559,#3560);
#3159=AXIS2_PLACEMENT_3D('',#4480,#3563,#3564);
#3160=AXIS2_PLACEMENT_3D('',#4482,#3566,#3567);
#3161=AXIS2_PLACEMENT_3D('',#4486,#3570,#3571);
#3162=AXIS2_PLACEMENT_3D('',#4490,#3574,#3575);
#3163=AXIS2_PLACEMENT_3D('',#4494,#3578,#3579);
#3164=AXIS2_PLACEMENT_3D('',#4498,#3582,#3583);
#3165=AXIS2_PLACEMENT_3D('',#4502,#3586,#3587);
#3166=AXIS2_PLACEMENT_3D('',#4514,#3594,#3595);
#3167=AXIS2_PLACEMENT_3D('',#4516,#3596,#3597);
#3168=AXIS2_PLACEMENT_3D('',#4517,#3598,#3599);
#3169=AXIS2_PLACEMENT_3D('',#4519,#3601,#3602);
#3170=AXIS2_PLACEMENT_3D('',#4521,#3604,#3605);
#3171=AXIS2_PLACEMENT_3D('',#4523,#3607,#3608);
#3172=AXIS2_PLACEMENT_3D('',#4525,#3610,#3611);
#3173=AXIS2_PLACEMENT_3D('',#4527,#3613,#3614);
#3174=AXIS2_PLACEMENT_3D('',#4528,#3615,#3616);
#3175=AXIS2_PLACEMENT_3D('',#4530,#3618,#3619);
#3176=AXIS2_PLACEMENT_3D('',#4532,#3621,#3622);
#3177=AXIS2_PLACEMENT_3D('',#4535,#3623,#3624);
#3178=AXIS2_PLACEMENT_3D('',#4552,#3625,#3626);
#3179=AXIS2_PLACEMENT_3D('',#4567,#3627,#3628);
#3180=AXIS2_PLACEMENT_3D('',#4571,#3630,#3631);
#3181=AXIS2_PLACEMENT_3D('',#4573,#3633,#3634);
#3182=AXIS2_PLACEMENT_3D('',#4575,#3635,#3636);
#3183=AXIS2_PLACEMENT_3D('',#4577,#3637,#3638);
#3184=AXIS2_PLACEMENT_3D('',#4590,#3639,#3640);
#3185=AXIS2_PLACEMENT_3D('',#4593,#3643,#3644);
#3186=AXIS2_PLACEMENT_3D('',#4599,#3648,#3649);
#3187=AXIS2_PLACEMENT_3D('',#4602,#3651,#3652);
#3188=AXIS2_PLACEMENT_3D('',#4603,#3653,#3654);
#3189=AXIS2_PLACEMENT_3D('',#4606,#3655,#3656);
#3190=AXIS2_PLACEMENT_3D('',#4610,#3658,#3659);
#3191=AXIS2_PLACEMENT_3D('',#4612,#3661,#3662);
#3192=AXIS2_PLACEMENT_3D('',#4614,#3663,#3664);
#3193=AXIS2_PLACEMENT_3D('',#4617,#3666,#3667);
#3194=AXIS2_PLACEMENT_3D('',#4618,#3668,#3669);
#3195=AXIS2_PLACEMENT_3D('',#4620,#3670,#3671);
#3196=AXIS2_PLACEMENT_3D('',#4623,#3673,#3674);
#3197=AXIS2_PLACEMENT_3D('',#4624,#3675,#3676);
#3198=AXIS2_PLACEMENT_3D('',#4626,#3677,#3678);
#3199=AXIS2_PLACEMENT_3D('',#4629,#3680,#3681);
#3200=AXIS2_PLACEMENT_3D('',#4630,#3682,#3683);
#3201=AXIS2_PLACEMENT_3D('',#4632,#3684,#3685);
#3202=AXIS2_PLACEMENT_3D('',#4635,#3687,#3688);
#3203=AXIS2_PLACEMENT_3D('',#4636,#3689,#3690);
#3204=AXIS2_PLACEMENT_3D('',#4638,#3691,#3692);
#3205=AXIS2_PLACEMENT_3D('',#4640,#3694,#3695);
#3206=AXIS2_PLACEMENT_3D('',#4642,#3697,#3698);
#3207=AXIS2_PLACEMENT_3D('',#4651,#3703,#3704);
#3208=AXIS2_PLACEMENT_3D('',#4657,#3708,#3709);
#3209=AXIS2_PLACEMENT_3D('',#4659,#3710,#3711);
#3210=AXIS2_PLACEMENT_3D('',#4661,#3713,#3714);
#3211=AXIS2_PLACEMENT_3D('',#4665,#3717,#3718);
#3212=AXIS2_PLACEMENT_3D('',#4666,#3719,#3720);
#3213=AXIS2_PLACEMENT_3D('',#4667,#3721,#3722);
#3214=AXIS2_PLACEMENT_3D('',#4668,#3723,#3724);
#3215=AXIS2_PLACEMENT_3D('',#4670,#3725,#3726);
#3216=AXIS2_PLACEMENT_3D('',#4671,#3727,#3728);
#3217=AXIS2_PLACEMENT_3D('',#4672,#3729,#3730);
#3218=AXIS2_PLACEMENT_3D('',#4675,#3732,#3733);
#3219=AXIS2_PLACEMENT_3D('',#4676,#3734,#3735);
#3220=AXIS2_PLACEMENT_3D('',#4678,#3736,#3737);
#3221=AXIS2_PLACEMENT_3D('',#4679,#3738,#3739);
#3222=AXIS2_PLACEMENT_3D('',#4680,#3740,#3741);
#3223=AXIS2_PLACEMENT_3D('',#4683,#3743,#3744);
#3224=AXIS2_PLACEMENT_3D('',#4684,#3745,#3746);
#3225=AXIS2_PLACEMENT_3D('',#4686,#3747,#3748);
#3226=AXIS2_PLACEMENT_3D('',#4687,#3749,#3750);
#3227=AXIS2_PLACEMENT_3D('',#4688,#3751,#3752);
#3228=AXIS2_PLACEMENT_3D('',#4691,#3754,#3755);
#3229=AXIS2_PLACEMENT_3D('',#4692,#3756,#3757);
#3230=AXIS2_PLACEMENT_3D('',#4694,#3758,#3759);
#3231=AXIS2_PLACEMENT_3D('',#4695,#3760,#3761);
#3232=AXIS2_PLACEMENT_3D('',#4696,#3762,#3763);
#3233=AXIS2_PLACEMENT_3D('',#4699,#3765,#3766);
#3234=AXIS2_PLACEMENT_3D('',#4700,#3767,#3768);
#3235=AXIS2_PLACEMENT_3D('',#4709,#3773,#3774);
#3236=AXIS2_PLACEMENT_3D('',#4711,#3775,#3776);
#3237=AXIS2_PLACEMENT_3D('',#4712,#3777,#3778);
#3238=AXIS2_PLACEMENT_3D('',#4714,#3779,#3780);
#3239=AXIS2_PLACEMENT_3D('',#4715,#3781,#3782);
#3240=AXIS2_PLACEMENT_3D('',#4717,#3783,#3784);
#3241=AXIS2_PLACEMENT_3D('',#4718,#3785,#3786);
#3242=AXIS2_PLACEMENT_3D('',#4720,#3787,#3788);
#3243=AXIS2_PLACEMENT_3D('',#4721,#3789,#3790);
#3244=AXIS2_PLACEMENT_3D('',#4723,#3791,#3792);
#3245=AXIS2_PLACEMENT_3D('',#4725,#3794,#3795);
#3246=AXIS2_PLACEMENT_3D('',#4727,#3796,#3797);
#3247=AXIS2_PLACEMENT_3D('',#4729,#3799,#3800);
#3248=AXIS2_PLACEMENT_3D('',#4752,#3803,#3804);
#3249=AXIS2_PLACEMENT_3D('',#4756,#3806,#3807);
#3250=AXIS2_PLACEMENT_3D('',#4759,#3809,#3810);
#3251=AXIS2_PLACEMENT_3D('',#4760,#3811,#3812);
#3252=AXIS2_PLACEMENT_3D('',#4763,#3813,#3814);
#3253=AXIS2_PLACEMENT_3D('',#4767,#3816,#3817);
#3254=AXIS2_PLACEMENT_3D('',#4769,#3818,#3819);
#3255=AXIS2_PLACEMENT_3D('',#4771,#3821,#3822);
#3256=AXIS2_PLACEMENT_3D('',#4776,#3824,#3825);
#3257=AXIS2_PLACEMENT_3D('',#4779,#3827,#3828);
#3258=AXIS2_PLACEMENT_3D('',#4780,#3829,#3830);
#3259=AXIS2_PLACEMENT_3D('',#4784,#3832,#3833);
#3260=AXIS2_PLACEMENT_3D('',#4787,#3835,#3836);
#3261=AXIS2_PLACEMENT_3D('',#4788,#3837,#3838);
#3262=AXIS2_PLACEMENT_3D('',#4790,#3840,#3841);
#3263=AXIS2_PLACEMENT_3D('',#4794,#3844,#3845);
#3264=AXIS2_PLACEMENT_3D('',#4803,#3850,#3851);
#3265=AXIS2_PLACEMENT_3D('',#4807,#3853,#3854);
#3266=AXIS2_PLACEMENT_3D('',#4808,#3855,#3856);
#3267=AXIS2_PLACEMENT_3D('',#4809,#3857,#3858);
#3268=AXIS2_PLACEMENT_3D('',#4815,#3862,#3863);
#3269=AXIS2_PLACEMENT_3D('',#4819,#3866,#3867);
#3270=AXIS2_PLACEMENT_3D('',#4823,#3870,#3871);
#3271=AXIS2_PLACEMENT_3D('',#4830,#3875,#3876);
#3272=AXIS2_PLACEMENT_3D('',#4832,#3878,#3879);
#3273=AXIS2_PLACEMENT_3D('',#4837,#3882,#3883);
#3274=AXIS2_PLACEMENT_3D('',#4838,#3884,#3885);
#3275=AXIS2_PLACEMENT_3D('',#4841,#3888,#3889);
#3276=AXIS2_PLACEMENT_3D('',#4844,#3892,#3893);
#3277=AXIS2_PLACEMENT_3D('',#4846,#3895,#3896);
#3278=AXIS2_PLACEMENT_3D('',#4852,#3900,#3901);
#3279=AXIS2_PLACEMENT_3D('',#4872,#3912,#3913);
#3280=AXIS2_PLACEMENT_3D('',#4874,#3914,#3915);
#3281=AXIS2_PLACEMENT_3D('',#4876,#3916,#3917);
#3282=AXIS2_PLACEMENT_3D('',#4878,#3918,#3919);
#3283=AXIS2_PLACEMENT_3D('',#4879,#3920,#3921);
#3284=AXIS2_PLACEMENT_3D('',#4881,#3922,#3923);
#3285=AXIS2_PLACEMENT_3D('',#4884,#3925,#3926);
#3286=AXIS2_PLACEMENT_3D('',#4885,#3927,#3928);
#3287=AXIS2_PLACEMENT_3D('',#4887,#3929,#3930);
#3288=AXIS2_PLACEMENT_3D('',#4890,#3932,#3933);
#3289=AXIS2_PLACEMENT_3D('',#4891,#3934,#3935);
#3290=AXIS2_PLACEMENT_3D('',#4900,#3940,#3941);
#3291=AXIS2_PLACEMENT_3D('',#4906,#3945,#3946);
#3292=AXIS2_PLACEMENT_3D('',#4912,#3950,#3951);
#3293=AXIS2_PLACEMENT_3D('',#4915,#3954,#3955);
#3294=AXIS2_PLACEMENT_3D('',#4924,#3960,#3961);
#3295=AXIS2_PLACEMENT_3D('',#4930,#3965,#3966);
#3296=AXIS2_PLACEMENT_3D('',#4936,#3970,#3971);
#3297=AXIS2_PLACEMENT_3D('',#4939,#3974,#3975);
#3298=AXIS2_PLACEMENT_3D('',#4940,#3976,#3977);
#3299=AXIS2_PLACEMENT_3D('',#4943,#3980,#3981);
#3300=AXIS2_PLACEMENT_3D('',#4945,#3982,#3983);
#3301=AXIS2_PLACEMENT_3D('',#4946,#3984,#3985);
#3302=AXIS2_PLACEMENT_3D('',#4948,#3986,#3987);
#3303=AXIS2_PLACEMENT_3D('',#4949,#3988,#3989);
#3304=AXIS2_PLACEMENT_3D('',#4951,#3990,#3991);
#3305=AXIS2_PLACEMENT_3D('',#4953,#3992,#3993);
#3306=AXIS2_PLACEMENT_3D('',#4954,#3994,#3995);
#3307=AXIS2_PLACEMENT_3D('',#4956,#3996,#3997);
#3308=AXIS2_PLACEMENT_3D('',#4958,#3998,#3999);
#3309=AXIS2_PLACEMENT_3D('',#4959,#4000,#4001);
#3310=AXIS2_PLACEMENT_3D('',#4961,#4002,#4003);
#3311=AXIS2_PLACEMENT_3D('',#4963,#4005,#4006);
#3312=AXIS2_PLACEMENT_3D('',#4965,#4007,#4008);
#3313=AXIS2_PLACEMENT_3D('',#4967,#4010,#4011);
#3314=AXIS2_PLACEMENT_3D('',#4969,#4012,#4013);
#3315=AXIS2_PLACEMENT_3D('',#4971,#4015,#4016);
#3316=AXIS2_PLACEMENT_3D('',#4973,#4017,#4018);
#3317=AXIS2_PLACEMENT_3D('',#4975,#4020,#4021);
#3318=AXIS2_PLACEMENT_3D('',#4977,#4023,#4024);
#3319=AXIS2_PLACEMENT_3D('',#4979,#4026,#4027);
#3320=AXIS2_PLACEMENT_3D('',#4982,#4030,#4031);
#3321=AXIS2_PLACEMENT_3D('',#4984,#4033,#4034);
#3322=AXIS2_PLACEMENT_3D('',#4986,#4036,#4037);
#3323=AXIS2_PLACEMENT_3D('',#4987,#4038,#4039);
#3324=AXIS2_PLACEMENT_3D('',#4988,#4040,#4041);
#3325=AXIS2_PLACEMENT_3D('',#4989,#4042,#4043);
#3326=AXIS2_PLACEMENT_3D('',#4990,#4044,#4045);
#3327=AXIS2_PLACEMENT_3D('',#4991,#4046,#4047);
#3328=AXIS2_PLACEMENT_3D('',#4992,#4048,#4049);
#3329=AXIS2_PLACEMENT_3D('',#4993,#4050,#4051);
#3330=AXIS2_PLACEMENT_3D('',#4994,#4052,#4053);
#3331=AXIS2_PLACEMENT_3D('',#4995,#4054,#4055);
#3332=AXIS2_PLACEMENT_3D('',#4997,#4057,#4058);
#3333=AXIS2_PLACEMENT_3D('',#4999,#4060,#4061);
#3334=AXIS2_PLACEMENT_3D('',#5000,#4062,#4063);
#3335=AXIS2_PLACEMENT_3D('',#5002,#4064,#4065);
#3336=AXIS2_PLACEMENT_3D('',#5005,#4067,#4068);
#3337=AXIS2_PLACEMENT_3D('',#5006,#4069,#4070);
#3338=AXIS2_PLACEMENT_3D('',#5008,#4071,#4072);
#3339=AXIS2_PLACEMENT_3D('',#5009,#4073,#4074);
#3340=AXIS2_PLACEMENT_3D('',#5011,#4075,#4076);
#3341=AXIS2_PLACEMENT_3D('',#5014,#4078,#4079);
#3342=AXIS2_PLACEMENT_3D('',#5015,#4080,#4081);
#3343=AXIS2_PLACEMENT_3D('',#5017,#4082,#4083);
#3344=AXIS2_PLACEMENT_3D('',#5018,#4084,#4085);
#3345=AXIS2_PLACEMENT_3D('',#5020,#4086,#4087);
#3346=AXIS2_PLACEMENT_3D('',#5023,#4089,#4090);
#3347=AXIS2_PLACEMENT_3D('',#5024,#4091,#4092);
#3348=AXIS2_PLACEMENT_3D('',#5026,#4093,#4094);
#3349=AXIS2_PLACEMENT_3D('',#5027,#4095,#4096);
#3350=AXIS2_PLACEMENT_3D('',#5029,#4097,#4098);
#3351=AXIS2_PLACEMENT_3D('',#5032,#4100,#4101);
#3352=AXIS2_PLACEMENT_3D('',#5033,#4102,#4103);
#3353=AXIS2_PLACEMENT_3D('',#5035,#4104,#4105);
#3354=AXIS2_PLACEMENT_3D('',#5036,#4106,#4107);
#3355=AXIS2_PLACEMENT_3D('',#5038,#4108,#4109);
#3356=AXIS2_PLACEMENT_3D('',#5039,#4110,#4111);
#3357=AXIS2_PLACEMENT_3D('',#5041,#4112,#4113);
#3358=AXIS2_PLACEMENT_3D('',#5042,#4114,#4115);
#3359=AXIS2_PLACEMENT_3D('',#5045,#4117,#4118);
#3360=AXIS2_PLACEMENT_3D('',#5046,#4119,#4120);
#3361=AXIS2_PLACEMENT_3D('',#5055,#4125,#4126);
#3362=AXIS2_PLACEMENT_3D('',#5061,#4130,#4131);
#3363=AXIS2_PLACEMENT_3D('',#5067,#4135,#4136);
#3364=AXIS2_PLACEMENT_3D('',#5070,#4139,#4140);
#3365=AXIS2_PLACEMENT_3D('',#5079,#4145,#4146);
#3366=AXIS2_PLACEMENT_3D('',#5088,#4151,#4152);
#3367=AXIS2_PLACEMENT_3D('',#5098,#4158,#4159);
#3368=AXIS2_PLACEMENT_3D('',#5102,#4162,#4163);
#3369=AXIS2_PLACEMENT_3D('',#5106,#4166,#4167);
#3370=AXIS2_PLACEMENT_3D('',#5123,#4176,#4177);
#3371=AXIS2_PLACEMENT_3D('',#5125,#4178,#4179);
#3372=AXIS2_PLACEMENT_3D('',#5126,#4180,#4181);
#3373=AXIS2_PLACEMENT_3D('',#5128,#4183,#4184);
#3374=AXIS2_PLACEMENT_3D('',#5130,#4186,#4187);
#3375=AXIS2_PLACEMENT_3D('',#5136,#4191,#4192);
#3376=AXIS2_PLACEMENT_3D('',#5142,#4196,#4197);
#3377=AXIS2_PLACEMENT_3D('',#5146,#4200,#4201);
#3378=AXIS2_PLACEMENT_3D('',#5150,#4204,#4205);
#3379=AXIS2_PLACEMENT_3D('',#5155,#4209,#4210);
#3380=AXIS2_PLACEMENT_3D('',#5159,#4213,#4214);
#3381=AXIS2_PLACEMENT_3D('',#5163,#4217,#4218);
#3382=AXIS2_PLACEMENT_3D('',#5167,#4221,#4222);
#3383=AXIS2_PLACEMENT_3D('',#5171,#4225,#4226);
#3384=AXIS2_PLACEMENT_3D('',#5177,#4230,#4231);
#3385=AXIS2_PLACEMENT_3D('',#5181,#4234,#4235);
#3386=AXIS2_PLACEMENT_3D('',#5185,#4238,#4239);
#3387=AXIS2_PLACEMENT_3D('',#5190,#4243,#4244);
#3388=AXIS2_PLACEMENT_3D('',#5192,#4246,#4247);
#3389=AXIS2_PLACEMENT_3D('',#5194,#4249,#4250);
#3390=AXIS2_PLACEMENT_3D('',#5195,#4251,#4252);
#3391=AXIS2_PLACEMENT_3D('',#5196,#4253,#4254);
#3392=AXIS2_PLACEMENT_3D('',#5198,#4255,#4256);
#3393=AXIS2_PLACEMENT_3D('',#5201,#4258,#4259);
#3394=AXIS2_PLACEMENT_3D('',#5202,#4260,#4261);
#3395=AXIS2_PLACEMENT_3D('',#5204,#4262,#4263);
#3396=AXIS2_PLACEMENT_3D('',#5207,#4265,#4266);
#3397=AXIS2_PLACEMENT_3D('',#5208,#4267,#4268);
#3398=AXIS2_PLACEMENT_3D('',#5209,#4269,#4270);
#3399=AXIS2_PLACEMENT_3D('',#5210,#4271,#4272);
#3400=AXIS2_PLACEMENT_3D('',#5212,#4273,#4274);
#3401=AXIS2_PLACEMENT_3D('',#5215,#4276,#4277);
#3402=AXIS2_PLACEMENT_3D('',#5216,#4278,#4279);
#3403=AXIS2_PLACEMENT_3D('',#5218,#4280,#4281);
#3404=AXIS2_PLACEMENT_3D('',#5221,#4283,#4284);
#3405=AXIS2_PLACEMENT_3D('',#5222,#4285,#4286);
#3406=AXIS2_PLACEMENT_3D('',#5223,#4287,#4288);
#3407=AXIS2_PLACEMENT_3D('',#5224,#4289,#4290);
#3408=AXIS2_PLACEMENT_3D('',#5226,#4291,#4292);
#3409=AXIS2_PLACEMENT_3D('',#5229,#4294,#4295);
#3410=AXIS2_PLACEMENT_3D('',#5230,#4296,#4297);
#3411=AXIS2_PLACEMENT_3D('',#5232,#4298,#4299);
#3412=AXIS2_PLACEMENT_3D('',#5235,#4301,#4302);
#3413=AXIS2_PLACEMENT_3D('',#5236,#4303,#4304);
#3414=AXIS2_PLACEMENT_3D('',#5237,#4305,#4306);
#3415=AXIS2_PLACEMENT_3D('',#5238,#4307,#4308);
#3416=AXIS2_PLACEMENT_3D('',#5240,#4309,#4310);
#3417=AXIS2_PLACEMENT_3D('',#5243,#4312,#4313);
#3418=AXIS2_PLACEMENT_3D('',#5244,#4314,#4315);
#3419=AXIS2_PLACEMENT_3D('',#5246,#4316,#4317);
#3420=AXIS2_PLACEMENT_3D('',#5249,#4319,#4320);
#3421=AXIS2_PLACEMENT_3D('',#5250,#4321,#4322);
#3422=AXIS2_PLACEMENT_3D('',#5251,#4323,#4324);
#3423=DIRECTION('axis',(0.,0.,1.));
#3424=DIRECTION('refdir',(1.,0.,0.));
#3425=DIRECTION('center_axis',(0.,1.,2.22044604925031E-16));
#3426=DIRECTION('ref_axis',(-2.22044604925031E-16,2.22044604925031E-16,
-1.));
#3427=DIRECTION('center_axis',(0.,1.,2.22044604925031E-16));
#3428=DIRECTION('ref_axis',(-2.22044604925031E-16,2.22044604925031E-16,
-1.));
#3429=DIRECTION('',(0.,1.,2.22044604925031E-16));
#3430=DIRECTION('center_axis',(0.,-1.,-2.22044604925031E-16));
#3431=DIRECTION('ref_axis',(-2.22044604925031E-16,2.22044604925031E-16,
-1.));
#3432=DIRECTION('center_axis',(0.,1.,2.22044604925031E-16));
#3433=DIRECTION('ref_axis',(-2.22044604925031E-16,2.22044604925031E-16,
-1.));
#3434=DIRECTION('center_axis',(0.,1.,2.22044604925031E-16));
#3435=DIRECTION('ref_axis',(-2.22044604925031E-16,2.22044604925031E-16,
-1.));
#3436=DIRECTION('',(0.,1.,2.22044604925031E-16));
#3437=DIRECTION('center_axis',(0.,-1.,-2.22044604925031E-16));
#3438=DIRECTION('ref_axis',(-2.22044604925031E-16,2.22044604925031E-16,
-1.));
#3439=DIRECTION('center_axis',(0.,1.,2.22044604925031E-16));
#3440=DIRECTION('ref_axis',(-2.22044604925031E-16,2.22044604925031E-16,
-1.));
#3441=DIRECTION('center_axis',(-6.71572141935064E-17,1.,2.24606109904214E-16));
#3442=DIRECTION('ref_axis',(-2.22044604925031E-16,2.22044604925031E-16,
-1.));
#3443=DIRECTION('',(0.,1.,2.22044604925031E-16));
#3444=DIRECTION('center_axis',(0.,-1.,-2.22044604925031E-16));
#3445=DIRECTION('ref_axis',(-2.22044604925031E-16,2.22044604925031E-16,
-1.));
#3446=DIRECTION('center_axis',(-6.71572141935064E-17,1.,2.24606109904214E-16));
#3447=DIRECTION('ref_axis',(-2.22044604925031E-16,2.24606109904214E-16,
-1.));
#3448=DIRECTION('center_axis',(0.,1.,2.22044604925031E-16));
#3449=DIRECTION('ref_axis',(-2.22044604925031E-16,2.22044604925031E-16,
-1.));
#3450=DIRECTION('center_axis',(-6.71572141935064E-17,1.,2.24606109904214E-16));
#3451=DIRECTION('ref_axis',(-2.22044604925031E-16,2.22044604925031E-16,
-1.));
#3452=DIRECTION('',(0.,1.,2.22044604925031E-16));
#3453=DIRECTION('center_axis',(0.,-1.,-2.22044604925031E-16));
#3454=DIRECTION('ref_axis',(-2.22044604925031E-16,2.22044604925031E-16,
-1.));
#3455=DIRECTION('center_axis',(-6.71572141935064E-17,1.,2.24606109904214E-16));
#3456=DIRECTION('ref_axis',(-2.22044604925031E-16,2.24606109904214E-16,
-1.));
#3457=DIRECTION('center_axis',(0.,1.,2.22044604925031E-16));
#3458=DIRECTION('ref_axis',(-2.22044604925031E-16,2.22044604925031E-16,
-1.));
#3459=DIRECTION('center_axis',(-6.71572141935064E-17,1.,2.24606109904214E-16));
#3460=DIRECTION('ref_axis',(-2.22044604925031E-16,2.22044604925031E-16,
-1.));
#3461=DIRECTION('',(0.,1.,2.22044604925031E-16));
#3462=DIRECTION('center_axis',(0.,-1.,-2.22044604925031E-16));
#3463=DIRECTION('ref_axis',(-2.22044604925031E-16,2.22044604925031E-16,
-1.));
#3464=DIRECTION('center_axis',(-6.71572141935064E-17,1.,2.24606109904214E-16));
#3465=DIRECTION('ref_axis',(-2.22044604925031E-16,2.24606109904214E-16,
-1.));
#3466=DIRECTION('center_axis',(0.,1.,2.22044604925031E-16));
#3467=DIRECTION('ref_axis',(-2.22044604925031E-16,2.22044604925031E-16,
-1.));
#3468=DIRECTION('center_axis',(-6.71572141935065E-17,1.,2.24606109904214E-16));
#3469=DIRECTION('ref_axis',(-2.22044604925031E-16,2.22044604925031E-16,
-1.));
#3470=DIRECTION('',(0.,1.,2.22044604925031E-16));
#3471=DIRECTION('center_axis',(0.,-1.,-2.22044604925031E-16));
#3472=DIRECTION('ref_axis',(-2.22044604925031E-16,2.22044604925031E-16,
-1.));
#3473=DIRECTION('center_axis',(-6.71572141935065E-17,1.,2.24606109904214E-16));
#3474=DIRECTION('ref_axis',(-2.22044604925031E-16,2.24606109904214E-16,
-1.));
#3475=DIRECTION('center_axis',(-2.22044604925031E-16,2.22044604925031E-16,
-1.));
#3476=DIRECTION('ref_axis',(0.,1.,2.22044604925031E-16));
#3477=DIRECTION('',(-1.,-4.93038065763132E-32,2.22044604925031E-16));
#3478=DIRECTION('',(0.,1.,2.22044604925031E-16));
#3479=DIRECTION('',(1.,4.93038065763132E-32,-2.22044604925031E-16));
#3480=DIRECTION('',(0.,-1.,-2.22044604925031E-16));
#3481=DIRECTION('center_axis',(-2.22044604925031E-16,2.22044604925031E-16,
-1.));
#3482=DIRECTION('ref_axis',(1.,4.93038065763132E-32,-2.22044604925031E-16));
#3483=DIRECTION('',(-1.,-4.93038065763132E-32,2.22044604925031E-16));
#3484=DIRECTION('',(0.,-1.,-2.22044604925031E-16));
#3485=DIRECTION('',(1.,4.93038065763132E-32,-2.22044604925031E-16));
#3486=DIRECTION('',(0.,-1.,-2.22044604925031E-16));
#3487=DIRECTION('',(-1.,-4.93038065763132E-32,2.22044604925031E-16));
#3488=DIRECTION('center_axis',(-1.,-4.93038065763132E-32,2.22044604925031E-16));
#3489=DIRECTION('ref_axis',(-2.22044604925031E-16,2.22044604925031E-16,
-1.));
#3490=DIRECTION('',(2.22044604925031E-16,-2.22044604925031E-16,1.));
#3491=DIRECTION('',(-2.22044604925031E-16,2.22044604925031E-16,-1.));
#3492=DIRECTION('',(0.,-1.,-2.22044604925031E-16));
#3493=DIRECTION('',(2.22044604925031E-16,-2.22044604925031E-16,1.));
#3494=DIRECTION('center_axis',(-2.22044604925031E-16,2.22044604925031E-16,
-1.));
#3495=DIRECTION('ref_axis',(1.,4.93038065763132E-32,-2.22044604925031E-16));
#3496=DIRECTION('',(-1.,-4.93038065763132E-32,2.22044604925031E-16));
#3497=DIRECTION('',(1.,4.93038065763132E-32,-2.22044604925031E-16));
#3498=DIRECTION('',(0.,-1.,-2.22044604925031E-16));
#3499=DIRECTION('center_axis',(1.,4.93038065763132E-32,-2.22044604925031E-16));
#3500=DIRECTION('ref_axis',(2.22044604925031E-16,-2.22044604925031E-16,
1.));
#3501=DIRECTION('',(-2.22044604925031E-16,2.22044604925031E-16,-1.));
#3502=DIRECTION('',(2.22044604925031E-16,-2.22044604925031E-16,1.));
#3503=DIRECTION('',(0.,-1.,-2.22044604925031E-16));
#3504=DIRECTION('center_axis',(-2.22044604925031E-16,2.22044604925031E-16,
-1.));
#3505=DIRECTION('ref_axis',(1.,4.93038065763132E-32,-2.22044604925031E-16));
#3506=DIRECTION('',(-1.,-4.93038065763132E-32,2.22044604925031E-16));
#3507=DIRECTION('',(1.,4.93038065763132E-32,-2.22044604925031E-16));
#3508=DIRECTION('',(0.,-1.,-2.22044604925031E-16));
#3509=DIRECTION('center_axis',(-1.,-4.93038065763132E-32,2.22044604925031E-16));
#3510=DIRECTION('ref_axis',(-2.22044604925031E-16,2.22044604925031E-16,
-1.));
#3511=DIRECTION('',(2.22044604925031E-16,-2.22044604925031E-16,1.));
#3512=DIRECTION('',(-2.22044604925031E-16,2.22044604925031E-16,-1.));
#3513=DIRECTION('',(0.,-1.,-2.22044604925031E-16));
#3514=DIRECTION('center_axis',(2.22044604925031E-16,-2.22044604925031E-16,
1.));
#3515=DIRECTION('ref_axis',(-1.,-4.93038065763132E-32,2.22044604925031E-16));
#3516=DIRECTION('',(1.,4.93038065763132E-32,-2.22044604925031E-16));
#3517=DIRECTION('',(-1.,-4.93038065763132E-32,2.22044604925031E-16));
#3518=DIRECTION('',(0.,-1.,-2.22044604925031E-16));
#3519=DIRECTION('center_axis',(1.,4.93038065763132E-32,-2.22044604925031E-16));
#3520=DIRECTION('ref_axis',(2.22044604925031E-16,-2.22044604925031E-16,
1.));
#3521=DIRECTION('',(-2.22044604925031E-16,2.22044604925031E-16,-1.));
#3522=DIRECTION('',(2.22044604925031E-16,-2.22044604925031E-16,1.));
#3523=DIRECTION('center_axis',(0.,1.,2.22044604925031E-16));
#3524=DIRECTION('ref_axis',(-2.22044604925031E-16,2.22044604925031E-16,
-1.));
#3525=DIRECTION('',(-2.22044604925031E-16,2.22044604925031E-16,-1.));
#3526=DIRECTION('',(1.,4.93038065763132E-32,-2.22044604925031E-16));
#3527=DIRECTION('center_axis',(0.,-1.,-2.22044604925031E-16));
#3528=DIRECTION('ref_axis',(-2.22044604925031E-16,2.22044604925031E-16,
-1.));
#3529=DIRECTION('center_axis',(0.,1.,2.22044604925031E-16));
#3530=DIRECTION('ref_axis',(2.22044604925031E-16,-2.22044604925031E-16,
1.));
#3531=DIRECTION('',(-1.,-4.93038065763132E-32,2.22044604925031E-16));
#3532=DIRECTION('',(2.22044604925031E-16,-2.22044604925031E-16,1.));
#3533=DIRECTION('',(1.,4.93038065763132E-32,-2.22044604925031E-16));
#3534=DIRECTION('',(-2.22044604925031E-16,2.22044604925031E-16,-1.));
#3535=DIRECTION('',(-2.22044604925031E-16,2.22044604925031E-16,-1.));
#3536=DIRECTION('',(1.,4.93038065763132E-32,-2.22044604925031E-16));
#3537=DIRECTION('',(2.22044604925031E-16,-2.22044604925031E-16,1.));
#3538=DIRECTION('',(-1.,-4.93038065763132E-32,2.22044604925031E-16));
#3539=DIRECTION('',(2.22044604925031E-16,-2.22044604925031E-16,1.));
#3540=DIRECTION('',(1.,4.93038065763132E-32,-2.22044604925031E-16));
#3541=DIRECTION('',(2.22044604925031E-16,-2.22044604925031E-16,1.));
#3542=DIRECTION('',(-1.,-4.93038065763132E-32,2.22044604925031E-16));
#3543=DIRECTION('',(-2.22044604925031E-16,2.22044604925031E-16,-1.));
#3544=DIRECTION('',(-1.,-4.93038065763132E-32,2.22044604925031E-16));
#3545=DIRECTION('',(-2.22044604925031E-16,2.22044604925031E-16,-1.));
#3546=DIRECTION('center_axis',(0.,-1.,-2.22044604925031E-16));
#3547=DIRECTION('ref_axis',(2.22044604925031E-16,-2.22044604925031E-16,
1.));
#3548=DIRECTION('center_axis',(0.,-1.,-2.22044604925031E-16));
#3549=DIRECTION('ref_axis',(2.22044604925031E-16,-2.22044604925031E-16,
1.));
#3550=DIRECTION('center_axis',(-2.22044604925031E-16,2.22044604925031E-16,
-1.));
#3551=DIRECTION('ref_axis',(0.,1.,2.22044604925031E-16));
#3552=DIRECTION('',(-1.,-4.93038065763132E-32,2.22044604925031E-16));
#3553=DIRECTION('',(0.,1.,2.22044604925031E-16));
#3554=DIRECTION('',(0.,1.,2.22044604925031E-16));
#3555=DIRECTION('center_axis',(-1.,-4.93038065763132E-32,2.22044604925031E-16));
#3556=DIRECTION('ref_axis',(0.,1.,2.22044604925031E-16));
#3557=DIRECTION('',(2.22044604925031E-16,-2.22044604925031E-16,1.));
#3558=DIRECTION('',(0.,1.,2.22044604925031E-16));
#3559=DIRECTION('center_axis',(2.22044604925031E-16,-2.22044604925031E-16,
1.));
#3560=DIRECTION('ref_axis',(0.,-1.,-2.22044604925031E-16));
#3561=DIRECTION('',(1.,4.93038065763132E-32,-2.22044604925031E-16));
#3562=DIRECTION('',(0.,1.,2.22044604925031E-16));
#3563=DIRECTION('center_axis',(1.,4.93038065763132E-32,-2.22044604925031E-16));
#3564=DIRECTION('ref_axis',(0.,-1.,-2.22044604925031E-16));
#3565=DIRECTION('',(-2.22044604925031E-16,2.22044604925031E-16,-1.));
#3566=DIRECTION('center_axis',(-1.,-4.93038065763132E-32,2.22044604925031E-16));
#3567=DIRECTION('ref_axis',(2.22044604925031E-16,-2.22044604925031E-16,
1.));
#3568=DIRECTION('',(2.22044604925031E-16,-2.22044604925031E-16,1.));
#3569=DIRECTION('',(0.,1.,2.22044604925031E-16));
#3570=DIRECTION('center_axis',(2.22044604925031E-16,-2.22044604925031E-16,
1.));
#3571=DIRECTION('ref_axis',(1.,4.93038065763132E-32,-2.22044604925031E-16));
#3572=DIRECTION('',(1.,4.93038065763132E-32,-2.22044604925031E-16));
#3573=DIRECTION('',(0.,1.,2.22044604925031E-16));
#3574=DIRECTION('center_axis',(1.,4.93038065763132E-32,-2.22044604925031E-16));
#3575=DIRECTION('ref_axis',(-2.22044604925031E-16,2.22044604925031E-16,
-1.));
#3576=DIRECTION('',(2.22044604925031E-16,-2.22044604925031E-16,1.));
#3577=DIRECTION('',(0.,1.,2.22044604925031E-16));
#3578=DIRECTION('center_axis',(2.22044604925031E-16,-2.22044604925031E-16,
1.));
#3579=DIRECTION('ref_axis',(0.,-1.,-2.22044604925031E-16));
#3580=DIRECTION('',(-1.,-4.93038065763132E-32,2.22044604925031E-16));
#3581=DIRECTION('',(0.,-1.,-2.22044604925031E-16));
#3582=DIRECTION('center_axis',(1.,4.93038065763132E-32,-2.22044604925031E-16));
#3583=DIRECTION('ref_axis',(2.22044604925031E-16,-2.22044604925031E-16,
1.));
#3584=DIRECTION('',(2.22044604925031E-16,-2.22044604925031E-16,1.));
#3585=DIRECTION('',(0.,-1.,-2.22044604925031E-16));
#3586=DIRECTION('center_axis',(0.,1.,2.22044604925031E-16));
#3587=DIRECTION('ref_axis',(-2.22044604925031E-16,2.22044604925031E-16,
-1.));
#3588=DIRECTION('',(-2.22044604925031E-16,2.22044604925031E-16,-1.));
#3589=DIRECTION('',(1.,4.93038065763132E-32,-2.22044604925031E-16));
#3590=DIRECTION('',(-2.22044604925031E-16,2.22044604925031E-16,-1.));
#3591=DIRECTION('',(1.,4.93038065763132E-32,-2.22044604925031E-16));
#3592=DIRECTION('',(2.22044604925031E-16,-2.22044604925031E-16,1.));
#3593=DIRECTION('',(1.,4.93038065763132E-32,-2.22044604925031E-16));
#3594=DIRECTION('center_axis',(0.,-1.,-2.22044604925031E-16));
#3595=DIRECTION('ref_axis',(2.22044604925031E-16,-2.22044604925031E-16,
1.));
#3596=DIRECTION('center_axis',(0.,-1.,-2.22044604925031E-16));
#3597=DIRECTION('ref_axis',(2.22044604925031E-16,-2.22044604925031E-16,
1.));
#3598=DIRECTION('center_axis',(-1.,-4.93038065763132E-32,2.22044604925031E-16));
#3599=DIRECTION('ref_axis',(0.,1.,2.22044604925031E-16));
#3600=DIRECTION('',(0.,1.,2.22044604925031E-16));
#3601=DIRECTION('center_axis',(-2.22044604925031E-16,2.22044604925031E-16,
-1.));
#3602=DIRECTION('ref_axis',(0.,1.,2.22044604925031E-16));
#3603=DIRECTION('',(0.,-1.,-2.22044604925031E-16));
#3604=DIRECTION('center_axis',(-1.,-4.93038065763132E-32,2.22044604925031E-16));
#3605=DIRECTION('ref_axis',(0.,1.,2.22044604925031E-16));
#3606=DIRECTION('',(0.,1.,2.22044604925031E-16));
#3607=DIRECTION('center_axis',(2.22044604925031E-16,-2.22044604925031E-16,
1.));
#3608=DIRECTION('ref_axis',(0.,-1.,-2.22044604925031E-16));
#3609=DIRECTION('',(0.,-1.,-2.22044604925031E-16));
#3610=DIRECTION('center_axis',(1.,4.93038065763132E-32,-2.22044604925031E-16));
#3611=DIRECTION('ref_axis',(0.,-1.,-2.22044604925031E-16));
#3612=DIRECTION('',(0.,1.,2.22044604925031E-16));
#3613=DIRECTION('center_axis',(2.22044604925031E-16,-2.22044604925031E-16,
1.));
#3614=DIRECTION('ref_axis',(-1.,-4.93038065763132E-32,2.22044604925031E-16));
#3615=DIRECTION('center_axis',(0.,-1.,-2.22044604925031E-16));
#3616=DIRECTION('ref_axis',(2.22044604925031E-16,-2.22044604925031E-16,
1.));
#3617=DIRECTION('',(0.,-1.,-2.22044604925031E-16));
#3618=DIRECTION('center_axis',(0.,-1.,-2.22044604925031E-16));
#3619=DIRECTION('ref_axis',(2.22044604925031E-16,-2.22044604925031E-16,
1.));
#3620=DIRECTION('',(0.,-1.,-2.22044604925031E-16));
#3621=DIRECTION('center_axis',(0.,-1.,-2.22044604925031E-16));
#3622=DIRECTION('ref_axis',(0.,0.,-1.));
#3623=DIRECTION('center_axis',(0.,-1.,-2.22044604925031E-16));
#3624=DIRECTION('ref_axis',(-0.00123369459178812,2.22044435948762E-16,-0.999999238998537));
#3625=DIRECTION('center_axis',(0.,1.,2.22044604925031E-16));
#3626=DIRECTION('ref_axis',(-0.00123369459178812,2.22044435948762E-16,-0.999999238998538));
#3627=DIRECTION('center_axis',(-0.250439662878788,-2.14968533994933E-16,
0.968132209595962));
#3628=DIRECTION('ref_axis',(-0.684572850490421,-0.707106781186548,-0.177087583899661));
#3629=DIRECTION('',(-0.250439662878788,-2.14968533994933E-16,0.968132209595962));
#3630=DIRECTION('center_axis',(0.250439662878783,2.14968533994933E-16,-0.968132209595963));
#3631=DIRECTION('ref_axis',(0.,-1.,-2.22044604925031E-16));
#3632=DIRECTION('',(0.250439662878788,2.14968533994933E-16,-0.968132209595962));
#3633=DIRECTION('center_axis',(0.,-1.,-2.22044604925031E-16));
#3634=DIRECTION('ref_axis',(-0.126229533794675,0.,0.992001060885511));
#3635=DIRECTION('center_axis',(0.,1.,2.22044604925031E-16));
#3636=DIRECTION('ref_axis',(-0.126229533794666,-2.20268483649535E-16,0.992001060885512));
#3637=DIRECTION('center_axis',(0.,-1.,-2.22044604925031E-16));
#3638=DIRECTION('ref_axis',(-0.126229533794666,-2.20268483649535E-16,0.992001060885512));
#3639=DIRECTION('center_axis',(-0.251633851764951,2.14899766157355E-16,
-0.967822506788272));
#3640=DIRECTION('ref_axis',(0.684353857534951,-0.707106781186549,-0.177932002959082));
#3641=DIRECTION('',(0.251633851764951,-2.14899766157355E-16,0.967822506788272));
#3642=DIRECTION('',(-0.251633851764951,2.14899766157355E-16,-0.967822506788272));
#3643=DIRECTION('center_axis',(0.967822506788272,5.58739392009125E-17,-0.251633851764951));
#3644=DIRECTION('ref_axis',(-0.251633851764951,2.14899766157355E-16,-0.967822506788272));
#3645=DIRECTION('',(0.,1.,2.22044604925031E-16));
#3646=DIRECTION('',(-0.251633851764951,2.14899766157355E-16,-0.967822506788272));
#3647=DIRECTION('',(0.,1.,2.22044604925031E-16));
#3648=DIRECTION('center_axis',(0.,1.,2.22044604925031E-16));
#3649=DIRECTION('ref_axis',(-2.22044604925031E-16,2.22044604925031E-16,
-1.));
#3650=DIRECTION('',(0.,1.,2.22044604925031E-16));
#3651=DIRECTION('center_axis',(0.,-1.,-2.22044604925031E-16));
#3652=DIRECTION('ref_axis',(-2.22044604925031E-16,2.22044604925031E-16,
-1.));
#3653=DIRECTION('center_axis',(0.,1.,2.22044604925031E-16));
#3654=DIRECTION('ref_axis',(-2.22044604925031E-16,2.22044604925031E-16,
-1.));
#3655=DIRECTION('center_axis',(0.,-1.,-2.22044604925031E-16));
#3656=DIRECTION('ref_axis',(-2.22044604925031E-16,2.22044604925031E-16,
-1.));
#3657=DIRECTION('',(-0.300000045446863,2.1181704992758E-16,-0.953939187124567));
#3658=DIRECTION('center_axis',(0.,-1.,-2.22044604925031E-16));
#3659=DIRECTION('ref_axis',(-2.22044604925031E-16,2.22044604925031E-16,
-1.));
#3660=DIRECTION('',(-0.299090440756854,-2.11880461664826E-16,0.9542247682008));
#3661=DIRECTION('center_axis',(0.,1.,2.22044604925031E-16));
#3662=DIRECTION('ref_axis',(-2.22044604925031E-16,2.22044604925031E-16,
-1.));
#3663=DIRECTION('center_axis',(0.,-1.,-2.22044604925031E-16));
#3664=DIRECTION('ref_axis',(-2.22044604925031E-16,2.22044604925031E-16,
-1.));
#3665=DIRECTION('',(0.,-1.,-2.22044604925031E-16));
#3666=DIRECTION('center_axis',(0.,1.,2.22044604925031E-16));
#3667=DIRECTION('ref_axis',(-2.22044604925031E-16,2.22044604925031E-16,
-1.));
#3668=DIRECTION('center_axis',(0.,1.,2.22044604925031E-16));
#3669=DIRECTION('ref_axis',(-2.22044604925031E-16,2.22044604925031E-16,
-1.));
#3670=DIRECTION('center_axis',(0.,-1.,-2.22044604925031E-16));
#3671=DIRECTION('ref_axis',(-2.22044604925031E-16,2.22044604925031E-16,
-1.));
#3672=DIRECTION('',(0.,-1.,-2.22044604925031E-16));
#3673=DIRECTION('center_axis',(0.,1.,2.22044604925031E-16));
#3674=DIRECTION('ref_axis',(-2.22044604925031E-16,2.22044604925031E-16,
-1.));
#3675=DIRECTION('center_axis',(0.,1.,2.22044604925031E-16));
#3676=DIRECTION('ref_axis',(-2.22044604925031E-16,2.22044604925031E-16,
-1.));
#3677=DIRECTION('center_axis',(0.,-1.,-2.22044604925031E-16));
#3678=DIRECTION('ref_axis',(-2.22044604925031E-16,2.22044604925031E-16,
-1.));
#3679=DIRECTION('',(0.,-1.,-2.22044604925031E-16));
#3680=DIRECTION('center_axis',(0.,1.,2.22044604925031E-16));
#3681=DIRECTION('ref_axis',(-2.22044604925031E-16,2.22044604925031E-16,
-1.));
#3682=DIRECTION('center_axis',(0.,1.,2.22044604925031E-16));
#3683=DIRECTION('ref_axis',(-2.22044604925031E-16,2.22044604925031E-16,
-1.));
#3684=DIRECTION('center_axis',(0.,-1.,-2.22044604925031E-16));
#3685=DIRECTION('ref_axis',(-2.22044604925031E-16,2.22044604925031E-16,
-1.));
#3686=DIRECTION('',(0.,-1.,-2.22044604925031E-16));
#3687=DIRECTION('center_axis',(0.,1.,2.22044604925031E-16));
#3688=DIRECTION('ref_axis',(-2.22044604925031E-16,2.22044604925031E-16,
-1.));
#3689=DIRECTION('center_axis',(0.,1.,2.22044604925031E-16));
#3690=DIRECTION('ref_axis',(-0.12622953379465,-2.20268483649536E-16,0.992001060885514));
#3691=DIRECTION('center_axis',(0.,-1.,-2.22044604925031E-16));
#3692=DIRECTION('ref_axis',(-2.22044604925031E-16,2.22044604925031E-16,
-1.));
#3693=DIRECTION('',(0.,1.,2.22044604925031E-16));
#3694=DIRECTION('center_axis',(-0.968132209595962,5.56087760014785E-17,
-0.250439662878788));
#3695=DIRECTION('ref_axis',(-0.250439662878788,-2.14968533994933E-16,0.968132209595962));
#3696=DIRECTION('',(-0.250439662878788,-2.14968533994933E-16,0.968132209595962));
#3697=DIRECTION('center_axis',(0.,1.,2.22044604925031E-16));
#3698=DIRECTION('ref_axis',(-2.22044604925031E-16,2.22044604925031E-16,
-1.));
#3699=DIRECTION('',(-1.,-4.93038065763132E-32,2.22044604925031E-16));
#3700=DIRECTION('',(2.22044604925031E-16,-2.22044604925031E-16,1.));
#3701=DIRECTION('',(1.,4.93038065763132E-32,-2.22044604925031E-16));
#3702=DIRECTION('',(-2.84309819661826E-16,2.22044604925031E-16,-1.));
#3703=DIRECTION('center_axis',(0.9542247682008,-6.64114187547091E-17,0.299090440756854));
#3704=DIRECTION('ref_axis',(0.299090440756854,2.11880461664826E-16,-0.9542247682008));
#3705=DIRECTION('',(-0.299090440756854,-2.11880461664826E-16,0.9542247682008));
#3706=DIRECTION('',(0.,1.,2.22044604925031E-16));
#3707=DIRECTION('',(0.,-1.,-2.22044604925031E-16));
#3708=DIRECTION('center_axis',(0.,1.,2.22044604925031E-16));
#3709=DIRECTION('ref_axis',(6.76091807276124E-15,-2.22044604925031E-16,
1.));
#3710=DIRECTION('center_axis',(0.,1.,2.22044604925031E-16));
#3711=DIRECTION('ref_axis',(-2.22044604925031E-16,2.22044604925031E-16,
-1.));
#3712=DIRECTION('',(0.,1.,2.22044604925031E-16));
#3713=DIRECTION('center_axis',(-0.953939187124567,-6.66133915687401E-17,
0.300000045446863));
#3714=DIRECTION('ref_axis',(0.300000045446863,-2.1181704992758E-16,0.953939187124567));
#3715=DIRECTION('',(-0.300000045446863,2.1181704992758E-16,-0.953939187124567));
#3716=DIRECTION('',(0.,1.,2.22044604925031E-16));
#3717=DIRECTION('center_axis',(0.,-1.,-2.22044604925031E-16));
#3718=DIRECTION('ref_axis',(-2.22044604925031E-16,2.22044604925031E-16,
-1.));
#3719=DIRECTION('center_axis',(0.,-1.,-2.22044604925031E-16));
#3720=DIRECTION('ref_axis',(-2.22044604925031E-16,2.22044604925031E-16,
-1.));
#3721=DIRECTION('center_axis',(0.,1.,2.22044604925031E-16));
#3722=DIRECTION('ref_axis',(-2.22044604925031E-16,2.22044604925031E-16,
-1.));
#3723=DIRECTION('center_axis',(0.,-1.,-2.22044604925031E-16));
#3724=DIRECTION('ref_axis',(-1.97372982155584E-16,0.,-1.));
#3725=DIRECTION('center_axis',(-1.,-2.73910036535074E-32,1.2335811384724E-16));
#3726=DIRECTION('ref_axis',(1.2335811384724E-16,0.,1.));
#3727=DIRECTION('center_axis',(0.,-1.,-2.22044604925031E-16));
#3728=DIRECTION('ref_axis',(-2.22044604925031E-16,2.22044604925031E-16,
-1.));
#3729=DIRECTION('center_axis',(0.,1.,2.22044604925031E-16));
#3730=DIRECTION('ref_axis',(-2.22044604925031E-16,2.22044604925031E-16,
-1.));
#3731=DIRECTION('',(0.,-1.,-2.22044604925031E-16));
#3732=DIRECTION('center_axis',(0.,1.,2.22044604925031E-16));
#3733=DIRECTION('ref_axis',(-2.22044604925031E-16,2.22044604925031E-16,
-1.));
#3734=DIRECTION('center_axis',(0.,-1.,-2.22044604925031E-16));
#3735=DIRECTION('ref_axis',(-1.97372982155583E-16,0.,-1.));
#3736=DIRECTION('center_axis',(-1.,-2.73910036535074E-32,1.2335811384724E-16));
#3737=DIRECTION('ref_axis',(1.2335811384724E-16,0.,1.));
#3738=DIRECTION('center_axis',(0.,-1.,-2.22044604925031E-16));
#3739=DIRECTION('ref_axis',(-2.22044604925031E-16,2.22044604925031E-16,
-1.));
#3740=DIRECTION('center_axis',(0.,1.,2.22044604925031E-16));
#3741=DIRECTION('ref_axis',(-2.22044604925031E-16,2.22044604925031E-16,
-1.));
#3742=DIRECTION('',(0.,-1.,-2.22044604925031E-16));
#3743=DIRECTION('center_axis',(0.,1.,2.22044604925031E-16));
#3744=DIRECTION('ref_axis',(-2.22044604925031E-16,2.22044604925031E-16,
-1.));
#3745=DIRECTION('center_axis',(0.,-1.,-2.22044604925031E-16));
#3746=DIRECTION('ref_axis',(0.,0.,-1.));
#3747=DIRECTION('center_axis',(-1.,0.,0.));
#3748=DIRECTION('ref_axis',(0.,0.,1.));
#3749=DIRECTION('center_axis',(0.,-1.,-2.22044604925031E-16));
#3750=DIRECTION('ref_axis',(-2.22044604925031E-16,2.22044604925031E-16,
-1.));
#3751=DIRECTION('center_axis',(0.,1.,2.22044604925031E-16));
#3752=DIRECTION('ref_axis',(-2.22044604925031E-16,2.22044604925031E-16,
-1.));
#3753=DIRECTION('',(0.,-1.,-2.22044604925031E-16));
#3754=DIRECTION('center_axis',(0.,1.,2.22044604925031E-16));
#3755=DIRECTION('ref_axis',(-2.22044604925031E-16,2.22044604925031E-16,
-1.));
#3756=DIRECTION('center_axis',(0.,-1.,-2.22044604925031E-16));
#3757=DIRECTION('ref_axis',(0.,0.,-1.));
#3758=DIRECTION('center_axis',(-1.,0.,0.));
#3759=DIRECTION('ref_axis',(0.,0.,1.));
#3760=DIRECTION('center_axis',(0.,-1.,-2.22044604925031E-16));
#3761=DIRECTION('ref_axis',(-2.22044604925031E-16,2.22044604925031E-16,
-1.));
#3762=DIRECTION('center_axis',(0.,1.,2.22044604925031E-16));
#3763=DIRECTION('ref_axis',(-2.22044604925031E-16,2.22044604925031E-16,
-1.));
#3764=DIRECTION('',(0.,-1.,-2.22044604925031E-16));
#3765=DIRECTION('center_axis',(0.,1.,2.22044604925031E-16));
#3766=DIRECTION('ref_axis',(-2.22044604925031E-16,2.22044604925031E-16,
-1.));
#3767=DIRECTION('center_axis',(0.,1.,2.22044604925031E-16));
#3768=DIRECTION('ref_axis',(-2.22044604925031E-16,2.22044604925031E-16,
-1.));
#3769=DIRECTION('',(-2.22044604925031E-16,2.22044604925031E-16,-1.));
#3770=DIRECTION('',(1.,4.93038065763132E-32,-2.22044604925031E-16));
#3771=DIRECTION('',(2.22044604925031E-16,-2.22044604925031E-16,1.));
#3772=DIRECTION('',(-1.,-4.93038065763132E-32,2.22044604925031E-16));
#3773=DIRECTION('center_axis',(0.,1.,2.22044604925031E-16));
#3774=DIRECTION('ref_axis',(-2.22044604925031E-16,2.22044604925031E-16,
-1.));
#3775=DIRECTION('center_axis',(0.,-1.,-2.22044604925031E-16));
#3776=DIRECTION('ref_axis',(-2.22044604925031E-16,2.22044604925031E-16,
-1.));
#3777=DIRECTION('center_axis',(0.,1.,2.22044604925031E-16));
#3778=DIRECTION('ref_axis',(-2.22044604925031E-16,2.22044604925031E-16,
-1.));
#3779=DIRECTION('center_axis',(0.,-1.,-2.22044604925031E-16));
#3780=DIRECTION('ref_axis',(-2.22044604925031E-16,2.22044604925031E-16,
-1.));
#3781=DIRECTION('center_axis',(0.,1.,2.22044604925031E-16));
#3782=DIRECTION('ref_axis',(-2.22044604925031E-16,2.22044604925031E-16,
-1.));
#3783=DIRECTION('center_axis',(0.,-1.,-2.22044604925031E-16));
#3784=DIRECTION('ref_axis',(-2.22044604925031E-16,2.22044604925031E-16,
-1.));
#3785=DIRECTION('center_axis',(0.,1.,2.22044604925031E-16));
#3786=DIRECTION('ref_axis',(-2.22044604925031E-16,2.22044604925031E-16,
-1.));
#3787=DIRECTION('center_axis',(0.,-1.,-2.22044604925031E-16));
#3788=DIRECTION('ref_axis',(-2.22044604925031E-16,2.22044604925031E-16,
-1.));
#3789=DIRECTION('center_axis',(0.,1.,2.22044604925031E-16));
#3790=DIRECTION('ref_axis',(-2.22044604925031E-16,2.22044604925031E-16,
-1.));
#3791=DIRECTION('center_axis',(0.,1.,2.22044604925031E-16));
#3792=DIRECTION('ref_axis',(-2.22044604925031E-16,2.22044604925031E-16,
-1.));
#3793=DIRECTION('',(0.,1.,2.22044604925031E-16));
#3794=DIRECTION('center_axis',(0.,1.,2.22044604925031E-16));
#3795=DIRECTION('ref_axis',(-2.22044604925031E-16,2.22044604925031E-16,
-1.));
#3796=DIRECTION('center_axis',(0.,1.,2.22044604925031E-16));
#3797=DIRECTION('ref_axis',(-2.22044604925031E-16,2.22044604925031E-16,
-1.));
#3798=DIRECTION('',(0.,1.,2.22044604925031E-16));
#3799=DIRECTION('center_axis',(-1.,-4.93038065763132E-32,2.22044604925031E-16));
#3800=DIRECTION('ref_axis',(1.57009245868377E-16,-0.707106781186548,0.707106781186547));
#3801=DIRECTION('',(1.,4.93038065763132E-32,-2.22044604925031E-16));
#3802=DIRECTION('',(-1.,-4.93038065763132E-32,2.22044604925031E-16));
#3803=DIRECTION('center_axis',(0.,1.,2.22044604925031E-16));
#3804=DIRECTION('ref_axis',(-0.799999999999998,-1.33226762955019E-16,0.600000000000003));
#3805=DIRECTION('',(0.,-1.,-2.22044604925031E-16));
#3806=DIRECTION('center_axis',(0.,-1.,-2.22044604925031E-16));
#3807=DIRECTION('ref_axis',(-0.799999999999998,-1.33226762955019E-16,0.600000000000003));
#3808=DIRECTION('',(0.,-1.,-2.22044604925031E-16));
#3809=DIRECTION('center_axis',(0.,-1.,-2.22044604925031E-16));
#3810=DIRECTION('ref_axis',(-0.799999999999998,-1.33226762955019E-16,0.600000000000003));
#3811=DIRECTION('center_axis',(0.,-1.,-2.22044604925031E-16));
#3812=DIRECTION('ref_axis',(2.22044604925031E-16,-2.22044604925031E-16,
1.));
#3813=DIRECTION('center_axis',(0.,-1.,-2.22044604925031E-16));
#3814=DIRECTION('ref_axis',(2.22044604925031E-16,-2.22044604925031E-16,
1.));
#3815=DIRECTION('',(0.,1.,2.22044604925031E-16));
#3816=DIRECTION('center_axis',(0.,-1.,-2.22044604925031E-16));
#3817=DIRECTION('ref_axis',(2.22044604925031E-16,-2.22044604925031E-16,
1.));
#3818=DIRECTION('center_axis',(0.,-1.,-2.22044604925031E-16));
#3819=DIRECTION('ref_axis',(2.22044604925031E-16,-2.22044604925031E-16,
1.));
#3820=DIRECTION('',(0.,-1.,-2.22044604925031E-16));
#3821=DIRECTION('center_axis',(0.,-1.,-2.22044604925031E-16));
#3822=DIRECTION('ref_axis',(2.22044604925031E-16,-2.22044604925031E-16,
1.));
#3823=DIRECTION('',(0.,1.,2.22044604925031E-16));
#3824=DIRECTION('center_axis',(0.,-1.,-2.22044604925031E-16));
#3825=DIRECTION('ref_axis',(2.22044604925031E-16,-2.22044604925031E-16,
1.));
#3826=DIRECTION('',(0.,1.,2.22044604925031E-16));
#3827=DIRECTION('center_axis',(0.,-1.,-2.22044604925031E-16));
#3828=DIRECTION('ref_axis',(2.22044604925031E-16,-2.22044604925031E-16,
1.));
#3829=DIRECTION('center_axis',(0.,1.,2.22044604925031E-16));
#3830=DIRECTION('ref_axis',(0.70710678118655,-1.57009245868377E-16,0.707106781186545));
#3831=DIRECTION('',(0.,1.,2.22044604925031E-16));
#3832=DIRECTION('center_axis',(0.,-1.,-2.22044604925031E-16));
#3833=DIRECTION('ref_axis',(0.70710678118655,-1.57009245868377E-16,0.707106781186545));
#3834=DIRECTION('',(0.,-1.,-2.22044604925031E-16));
#3835=DIRECTION('center_axis',(0.,-1.,-2.22044604925031E-16));
#3836=DIRECTION('ref_axis',(0.70710678118655,-1.57009245868377E-16,0.707106781186545));
#3837=DIRECTION('center_axis',(0.,-1.,-2.22044604925031E-16));
#3838=DIRECTION('ref_axis',(2.22044604925031E-16,-2.22044604925031E-16,
1.));
#3839=DIRECTION('',(-1.,-4.93038065763132E-32,2.22044604925031E-16));
#3840=DIRECTION('center_axis',(0.,-1.,-2.22044604925031E-16));
#3841=DIRECTION('ref_axis',(-2.22044604925031E-16,2.22044604925031E-16,
-1.));
#3842=DIRECTION('',(2.22044604925031E-16,-2.22044604925031E-16,1.));
#3843=DIRECTION('',(-1.,-4.93038065763132E-32,2.22044604925031E-16));
#3844=DIRECTION('center_axis',(-1.,7.39557098644699E-32,2.22044604925031E-16));
#3845=DIRECTION('ref_axis',(-1.29422492261647E-31,-1.,-2.49800180535367E-16));
#3846=DIRECTION('',(1.23259516440783E-31,1.,2.22044604925031E-16));
#3847=DIRECTION('',(2.22044604925031E-16,-2.22044604925031E-16,1.));
#3848=DIRECTION('',(1.23259516440783E-31,1.,2.22044604925031E-16));
#3849=DIRECTION('',(-2.22044604925031E-16,2.22044604925031E-16,-1.));
#3850=DIRECTION('center_axis',(-1.23259516440783E-31,-1.,-2.22044604925031E-16));
#3851=DIRECTION('ref_axis',(-0.707106781186544,-1.57009245868378E-16,0.707106781186551));
#3852=DIRECTION('',(-1.23259516440783E-31,-1.,-2.22044604925031E-16));
#3853=DIRECTION('center_axis',(0.,-1.,-2.22044604925031E-16));
#3854=DIRECTION('ref_axis',(-0.707106781186544,-1.57009245868378E-16,0.707106781186551));
#3855=DIRECTION('center_axis',(0.,-1.,-2.22044604925031E-16));
#3856=DIRECTION('ref_axis',(-0.707106781186544,-1.57009245868378E-16,0.707106781186551));
#3857=DIRECTION('center_axis',(-1.,-4.93038065763132E-32,2.22044604925031E-16));
#3858=DIRECTION('ref_axis',(0.,1.,2.22044604925031E-16));
#3859=DIRECTION('',(-2.22044604925031E-16,2.22044604925031E-16,-1.));
#3860=DIRECTION('',(0.,1.,2.22044604925031E-16));
#3861=DIRECTION('',(-2.22044604925031E-16,2.22044604925031E-16,-1.));
#3862=DIRECTION('center_axis',(0.,1.,2.22044604925031E-16));
#3863=DIRECTION('ref_axis',(2.22044604925031E-16,-2.22044604925031E-16,
1.));
#3864=DIRECTION('',(-2.22044604925031E-16,2.22044604925031E-16,-1.));
#3865=DIRECTION('',(-1.,-4.93038065763132E-32,2.22044604925031E-16));
#3866=DIRECTION('center_axis',(1.,4.93038065763132E-32,-2.22044604925031E-16));
#3867=DIRECTION('ref_axis',(0.,-1.,-2.22044604925031E-16));
#3868=DIRECTION('',(-2.22044604925031E-16,2.22044604925031E-16,-1.));
#3869=DIRECTION('',(0.,-1.,-2.22044604925031E-16));
#3870=DIRECTION('center_axis',(0.,-1.,-2.22044604925031E-16));
#3871=DIRECTION('ref_axis',(-2.22044604925031E-16,2.22044604925031E-16,
-1.));
#3872=DIRECTION('',(1.,4.93038065763132E-32,-2.22044604925031E-16));
#3873=DIRECTION('',(2.22044604925031E-16,-2.22044604925031E-16,1.));
#3874=DIRECTION('',(-1.,-4.93038065763132E-32,2.22044604925031E-16));
#3875=DIRECTION('center_axis',(0.,-1.,-2.22044604925031E-16));
#3876=DIRECTION('ref_axis',(2.22044604925031E-16,-2.22044604925031E-16,
1.));
#3877=DIRECTION('',(1.,4.93038065763132E-32,-2.22044604925031E-16));
#3878=DIRECTION('center_axis',(0.,-1.,-2.22044604925031E-16));
#3879=DIRECTION('ref_axis',(2.22044604925031E-16,-2.22044604925031E-16,
1.));
#3880=DIRECTION('',(0.,-1.,-2.22044604925031E-16));
#3881=DIRECTION('',(0.,-1.,-2.22044604925031E-16));
#3882=DIRECTION('center_axis',(0.,-1.,-2.22044604925031E-16));
#3883=DIRECTION('ref_axis',(2.22044604925031E-16,-2.22044604925031E-16,
1.));
#3884=DIRECTION('center_axis',(0.,-1.,-2.22044604925031E-16));
#3885=DIRECTION('ref_axis',(2.22044604925031E-16,-2.22044604925031E-16,
1.));
#3886=DIRECTION('',(-1.,-4.93038065763132E-32,2.22044604925031E-16));
#3887=DIRECTION('',(-1.,-4.93038065763132E-32,2.22044604925031E-16));
#3888=DIRECTION('center_axis',(0.,-1.,-2.22044604925031E-16));
#3889=DIRECTION('ref_axis',(-2.22044604925031E-16,2.22044604925031E-16,
-1.));
#3890=DIRECTION('',(-1.,-4.93038065763132E-32,2.22044604925031E-16));
#3891=DIRECTION('',(1.,4.93038065763132E-32,-2.22044604925031E-16));
#3892=DIRECTION('center_axis',(2.22044604925031E-16,-2.22044604925031E-16,
1.));
#3893=DIRECTION('ref_axis',(0.,-1.,-2.22044604925031E-16));
#3894=DIRECTION('',(-1.,-4.93038065763132E-32,2.22044604925031E-16));
#3895=DIRECTION('center_axis',(1.,4.93038065763132E-32,-2.22044604925031E-16));
#3896=DIRECTION('ref_axis',(-2.22044604925031E-16,2.22044604925031E-16,
-1.));
#3897=DIRECTION('',(0.,1.,2.22044604925031E-16));
#3898=DIRECTION('',(2.22044604925031E-16,-2.22044604925031E-16,1.));
#3899=DIRECTION('',(0.,-1.,-2.22044604925031E-16));
#3900=DIRECTION('center_axis',(0.,1.,2.22044604925031E-16));
#3901=DIRECTION('ref_axis',(-2.22044604925031E-16,2.22044604925031E-16,
-1.));
#3902=DIRECTION('',(-1.,-4.93038065763132E-32,2.22044604925031E-16));
#3903=DIRECTION('',(-2.22044604925031E-16,2.22044604925031E-16,-1.));
#3904=DIRECTION('',(-1.,-4.93038065763132E-32,2.22044604925031E-16));
#3905=DIRECTION('',(-2.22044604925031E-16,2.22044604925031E-16,-1.));
#3906=DIRECTION('',(-1.,-4.93038065763132E-32,2.22044604925031E-16));
#3907=DIRECTION('',(1.,4.93038065763132E-32,-2.22044604925031E-16));
#3908=DIRECTION('',(-2.22044604925031E-16,2.22044604925031E-16,-1.));
#3909=DIRECTION('',(-1.,-4.93038065763132E-32,2.22044604925031E-16));
#3910=DIRECTION('',(-2.22044604925031E-16,2.22044604925031E-16,-1.));
#3911=DIRECTION('',(1.,4.93038065763132E-32,-2.22044604925031E-16));
#3912=DIRECTION('center_axis',(0.,-1.,-2.22044604925031E-16));
#3913=DIRECTION('ref_axis',(2.22044604925031E-16,-2.22044604925031E-16,
1.));
#3914=DIRECTION('center_axis',(0.,-1.,-2.22044604925031E-16));
#3915=DIRECTION('ref_axis',(2.22044604925031E-16,-2.22044604925031E-16,
1.));
#3916=DIRECTION('center_axis',(0.,-1.,-2.22044604925031E-16));
#3917=DIRECTION('ref_axis',(2.22044604925031E-16,-2.22044604925031E-16,
1.));
#3918=DIRECTION('center_axis',(0.,-1.,-2.22044604925031E-16));
#3919=DIRECTION('ref_axis',(2.22044604925031E-16,-2.22044604925031E-16,
1.));
#3920=DIRECTION('center_axis',(2.22044604925031E-16,-2.22044604925031E-16,
1.));
#3921=DIRECTION('ref_axis',(1.,4.93038065763132E-32,-2.22044604925031E-16));
#3922=DIRECTION('center_axis',(2.22044604925031E-16,-2.22044604925031E-16,
1.));
#3923=DIRECTION('ref_axis',(1.,4.93038065763132E-32,-2.22044604925031E-16));
#3924=DIRECTION('',(2.22044604925031E-16,-2.22044604925031E-16,1.));
#3925=DIRECTION('center_axis',(-2.22044604925031E-16,2.22044604925031E-16,
-1.));
#3926=DIRECTION('ref_axis',(1.,4.93038065763132E-32,-2.22044604925031E-16));
#3927=DIRECTION('center_axis',(2.22044604925031E-16,-2.22044604925031E-16,
1.));
#3928=DIRECTION('ref_axis',(1.,4.93038065763132E-32,-2.22044604925031E-16));
#3929=DIRECTION('center_axis',(2.22044604925031E-16,-2.22044604925031E-16,
1.));
#3930=DIRECTION('ref_axis',(1.,4.93038065763132E-32,-2.22044604925031E-16));
#3931=DIRECTION('',(2.22044604925031E-16,-2.22044604925031E-16,1.));
#3932=DIRECTION('center_axis',(-2.22044604925031E-16,2.22044604925031E-16,
-1.));
#3933=DIRECTION('ref_axis',(1.,4.93038065763132E-32,-2.22044604925031E-16));
#3934=DIRECTION('center_axis',(0.,1.,2.22044604925031E-16));
#3935=DIRECTION('ref_axis',(-1.,-4.93038065763132E-32,2.22044604925031E-16));
#3936=DIRECTION('',(1.,4.93038065763132E-32,-2.22044604925031E-16));
#3937=DIRECTION('',(2.22044604925031E-16,-2.22044604925031E-16,1.));
#3938=DIRECTION('',(-1.,-4.93038065763132E-32,2.22044604925031E-16));
#3939=DIRECTION('',(2.22044604925031E-16,-2.22044604925031E-16,1.));
#3940=DIRECTION('center_axis',(1.,4.93038065763132E-32,-2.22044604925031E-16));
#3941=DIRECTION('ref_axis',(0.,1.,2.22044604925031E-16));
#3942=DIRECTION('',(0.,-1.,-2.22044604925031E-16));
#3943=DIRECTION('',(0.,1.,2.22044604925031E-16));
#3944=DIRECTION('',(2.22044604925031E-16,-2.22044604925031E-16,1.));
#3945=DIRECTION('center_axis',(0.,-1.,-2.22044604925031E-16));
#3946=DIRECTION('ref_axis',(1.,4.93038065763132E-32,-2.22044604925031E-16));
#3947=DIRECTION('',(-1.,-4.93038065763132E-32,2.22044604925031E-16));
#3948=DIRECTION('',(1.,4.93038065763132E-32,-2.22044604925031E-16));
#3949=DIRECTION('',(2.22044604925031E-16,-2.22044604925031E-16,1.));
#3950=DIRECTION('center_axis',(-1.,-4.93038065763132E-32,2.22044604925031E-16));
#3951=DIRECTION('ref_axis',(0.,-1.,-2.22044604925031E-16));
#3952=DIRECTION('',(0.,1.,2.22044604925031E-16));
#3953=DIRECTION('',(0.,-1.,-2.22044604925031E-16));
#3954=DIRECTION('center_axis',(2.14535850169112E-16,1.,2.22044604925031E-16));
#3955=DIRECTION('ref_axis',(-1.,2.14535850169112E-16,2.22044604925031E-16));
#3956=DIRECTION('',(-1.,2.14535850169112E-16,2.22044604925031E-16));
#3957=DIRECTION('',(2.22044604925031E-16,-2.22044604925031E-16,1.));
#3958=DIRECTION('',(-1.,2.14535850169112E-16,2.22044604925031E-16));
#3959=DIRECTION('',(2.22044604925031E-16,-2.22044604925031E-16,1.));
#3960=DIRECTION('center_axis',(1.,4.93038065763132E-32,-2.22044604925031E-16));
#3961=DIRECTION('ref_axis',(0.,1.,2.22044604925031E-16));
#3962=DIRECTION('',(0.,1.,2.22044604925031E-16));
#3963=DIRECTION('',(2.22044604925031E-16,-2.22044604925031E-16,1.));
#3964=DIRECTION('',(0.,1.,2.22044604925031E-16));
#3965=DIRECTION('center_axis',(0.,-1.,-2.22044604925031E-16));
#3966=DIRECTION('ref_axis',(1.,4.93038065763132E-32,-2.22044604925031E-16));
#3967=DIRECTION('',(1.,4.93038065763132E-32,-2.22044604925031E-16));
#3968=DIRECTION('',(2.22044604925031E-16,-2.22044604925031E-16,1.));
#3969=DIRECTION('',(1.,4.93038065763132E-32,-2.22044604925031E-16));
#3970=DIRECTION('center_axis',(-1.,-4.93038065763132E-32,2.22044604925031E-16));
#3971=DIRECTION('ref_axis',(0.,-1.,-2.22044604925031E-16));
#3972=DIRECTION('',(0.,-1.,-2.22044604925031E-16));
#3973=DIRECTION('',(0.,-1.,-2.22044604925031E-16));
#3974=DIRECTION('center_axis',(2.22044604925031E-16,-2.22044604925031E-16,
1.));
#3975=DIRECTION('ref_axis',(0.,-1.,-2.22044604925031E-16));
#3976=DIRECTION('center_axis',(-2.22044604925031E-16,2.22044604925031E-16,
-1.));
#3977=DIRECTION('ref_axis',(0.,1.,2.22044604925031E-16));
#3978=DIRECTION('',(0.,1.,2.22044604925031E-16));
#3979=DIRECTION('',(0.,1.,2.22044604925031E-16));
#3980=DIRECTION('center_axis',(0.,-1.,-2.22044604925031E-16));
#3981=DIRECTION('ref_axis',(2.22044604925031E-16,-2.22044604925031E-16,
1.));
#3982=DIRECTION('center_axis',(0.,1.,2.22044604925031E-16));
#3983=DIRECTION('ref_axis',(2.22044604925031E-16,-2.22044604925031E-16,
1.));
#3984=DIRECTION('center_axis',(0.,-1.,-2.22044604925031E-16));
#3985=DIRECTION('ref_axis',(2.22044604925031E-16,-2.22044604925031E-16,
1.));
#3986=DIRECTION('center_axis',(0.,1.,2.22044604925031E-16));
#3987=DIRECTION('ref_axis',(2.22044604925031E-16,-2.22044604925031E-16,
1.));
#3988=DIRECTION('center_axis',(0.,-1.,-2.22044604925031E-16));
#3989=DIRECTION('ref_axis',(2.22044604925031E-16,-2.22044604925031E-16,
1.));
#3990=DIRECTION('center_axis',(0.,1.,2.22044604925031E-16));
#3991=DIRECTION('ref_axis',(2.22044604925031E-16,-2.22044604925031E-16,
1.));
#3992=DIRECTION('center_axis',(0.,1.,2.22044604925031E-16));
#3993=DIRECTION('ref_axis',(-2.22044604925031E-16,2.22044604925031E-16,
-1.));
#3994=DIRECTION('center_axis',(0.,-1.,-2.22044604925031E-16));
#3995=DIRECTION('ref_axis',(2.22044604925031E-16,-2.22044604925031E-16,
1.));
#3996=DIRECTION('center_axis',(0.,1.,2.22044604925031E-16));
#3997=DIRECTION('ref_axis',(2.22044604925031E-16,-2.22044604925031E-16,
1.));
#3998=DIRECTION('center_axis',(0.,1.,2.22044604925031E-16));
#3999=DIRECTION('ref_axis',(-2.22044604925031E-16,2.22044604925031E-16,
-1.));
#4000=DIRECTION('center_axis',(0.,1.,2.22044604925031E-16));
#4001=DIRECTION('ref_axis',(2.22044604925031E-16,-2.22044604925031E-16,
1.));
#4002=DIRECTION('center_axis',(0.,1.,2.22044604925031E-16));
#4003=DIRECTION('ref_axis',(2.22044604925031E-16,-2.22044604925031E-16,
1.));
#4004=DIRECTION('',(0.,1.,2.22044604925031E-16));
#4005=DIRECTION('center_axis',(0.,1.,2.22044604925031E-16));
#4006=DIRECTION('ref_axis',(2.22044604925031E-16,-2.22044604925031E-16,
1.));
#4007=DIRECTION('center_axis',(0.,1.,2.22044604925031E-16));
#4008=DIRECTION('ref_axis',(2.22044604925031E-16,-2.22044604925031E-16,
1.));
#4009=DIRECTION('',(0.,1.,2.22044604925031E-16));
#4010=DIRECTION('center_axis',(0.,1.,2.22044604925031E-16));
#4011=DIRECTION('ref_axis',(2.22044604925031E-16,-2.22044604925031E-16,
1.));
#4012=DIRECTION('center_axis',(0.,1.,2.22044604925031E-16));
#4013=DIRECTION('ref_axis',(2.22044604925031E-16,-2.22044604925031E-16,
1.));
#4014=DIRECTION('',(0.,1.,2.22044604925031E-16));
#4015=DIRECTION('center_axis',(0.,1.,2.22044604925031E-16));
#4016=DIRECTION('ref_axis',(2.22044604925031E-16,-2.22044604925031E-16,
1.));
#4017=DIRECTION('center_axis',(0.,1.,2.22044604925031E-16));
#4018=DIRECTION('ref_axis',(2.22044604925031E-16,-2.22044604925031E-16,
1.));
#4019=DIRECTION('',(0.,1.,2.22044604925031E-16));
#4020=DIRECTION('center_axis',(0.,1.,2.22044604925031E-16));
#4021=DIRECTION('ref_axis',(-2.22044604925031E-16,2.22044604925031E-16,
-1.));
#4022=DIRECTION('',(0.,1.,2.22044604925031E-16));
#4023=DIRECTION('center_axis',(0.,1.,2.22044604925031E-16));
#4024=DIRECTION('ref_axis',(-2.22044604925031E-16,2.22044604925031E-16,
-1.));
#4025=DIRECTION('',(0.,1.,2.22044604925031E-16));
#4026=DIRECTION('center_axis',(1.,4.93038065763132E-32,-2.22044604925031E-16));
#4027=DIRECTION('ref_axis',(-2.22044604925031E-16,2.22044604925031E-16,
-1.));
#4028=DIRECTION('',(0.,1.,2.22044604925031E-16));
#4029=DIRECTION('',(0.,1.,2.22044604925031E-16));
#4030=DIRECTION('center_axis',(2.22044604925031E-16,-2.22044604925031E-16,
1.));
#4031=DIRECTION('ref_axis',(1.,4.93038065763132E-32,-2.22044604925031E-16));
#4032=DIRECTION('',(0.,-1.,-2.22044604925031E-16));
#4033=DIRECTION('center_axis',(-1.,-4.93038065763132E-32,2.22044604925031E-16));
#4034=DIRECTION('ref_axis',(2.22044604925031E-16,-2.22044604925031E-16,
1.));
#4035=DIRECTION('',(0.,1.,2.22044604925031E-16));
#4036=DIRECTION('center_axis',(0.,1.,2.22044604925031E-16));
#4037=DIRECTION('ref_axis',(1.69176841847643E-16,0.,1.));
#4038=DIRECTION('center_axis',(-1.,-7.04340093947334E-32,3.17206578464331E-16));
#4039=DIRECTION('ref_axis',(-3.17206578464331E-16,0.,-1.));
#4040=DIRECTION('center_axis',(0.,1.,2.22044604925031E-16));
#4041=DIRECTION('ref_axis',(0.,0.,1.));
#4042=DIRECTION('center_axis',(-1.,0.,0.));
#4043=DIRECTION('ref_axis',(0.,0.,-1.));
#4044=DIRECTION('center_axis',(0.,1.,2.22044604925031E-16));
#4045=DIRECTION('ref_axis',(0.,0.,1.));
#4046=DIRECTION('center_axis',(-1.,0.,0.));
#4047=DIRECTION('ref_axis',(0.,0.,-1.));
#4048=DIRECTION('center_axis',(0.,1.,2.22044604925031E-16));
#4049=DIRECTION('ref_axis',(1.69176841847643E-16,0.,1.));
#4050=DIRECTION('center_axis',(-1.,-7.04340093947333E-32,3.17206578464331E-16));
#4051=DIRECTION('ref_axis',(-3.17206578464331E-16,0.,-1.));
#4052=DIRECTION('center_axis',(-2.22044604925031E-16,2.22044604925031E-16,
-1.));
#4053=DIRECTION('ref_axis',(-1.,-4.93038065763132E-32,2.22044604925031E-16));
#4054=DIRECTION('center_axis',(-1.,-4.93038065763132E-32,2.22044604925031E-16));
#4055=DIRECTION('ref_axis',(2.22044604925031E-16,-2.22044604925031E-16,
1.));
#4056=DIRECTION('',(0.,1.,2.22044604925031E-16));
#4057=DIRECTION('center_axis',(1.,4.93038065763132E-32,-2.22044604925031E-16));
#4058=DIRECTION('ref_axis',(-2.22044604925031E-16,2.22044604925031E-16,
-1.));
#4059=DIRECTION('',(0.,1.,2.22044604925031E-16));
#4060=DIRECTION('center_axis',(2.22044604925031E-16,-2.22044604925031E-16,
1.));
#4061=DIRECTION('ref_axis',(1.,4.93038065763132E-32,-2.22044604925031E-16));
#4062=DIRECTION('center_axis',(0.,-1.,-2.22044604925031E-16));
#4063=DIRECTION('ref_axis',(-2.22044604925031E-16,2.22044604925031E-16,
-1.));
#4064=DIRECTION('center_axis',(0.,-1.,-2.22044604925031E-16));
#4065=DIRECTION('ref_axis',(-2.22044604925031E-16,2.22044604925031E-16,
-1.));
#4066=DIRECTION('',(0.,-1.,-2.22044604925031E-16));
#4067=DIRECTION('center_axis',(0.,-1.,-2.22044604925031E-16));
#4068=DIRECTION('ref_axis',(-2.22044604925031E-16,2.22044604925031E-16,
-1.));
#4069=DIRECTION('center_axis',(0.,1.,2.22044604925031E-16));
#4070=DIRECTION('ref_axis',(-2.22044604925031E-16,2.22044604925031E-16,
-1.));
#4071=DIRECTION('center_axis',(0.,1.,2.22044604925031E-16));
#4072=DIRECTION('ref_axis',(2.22044604925031E-16,-2.22044604925031E-16,
1.));
#4073=DIRECTION('center_axis',(0.,-1.,-2.22044604925031E-16));
#4074=DIRECTION('ref_axis',(-2.22044604925031E-16,2.22044604925031E-16,
-1.));
#4075=DIRECTION('center_axis',(0.,-1.,-2.22044604925031E-16));
#4076=DIRECTION('ref_axis',(-2.22044604925031E-16,2.22044604925031E-16,
-1.));
#4077=DIRECTION('',(0.,-1.,-2.22044604925031E-16));
#4078=DIRECTION('center_axis',(0.,-1.,-2.22044604925031E-16));
#4079=DIRECTION('ref_axis',(-2.22044604925031E-16,2.22044604925031E-16,
-1.));
#4080=DIRECTION('center_axis',(0.,1.,2.22044604925031E-16));
#4081=DIRECTION('ref_axis',(-2.22044604925031E-16,2.22044604925031E-16,
-1.));
#4082=DIRECTION('center_axis',(0.,1.,2.22044604925031E-16));
#4083=DIRECTION('ref_axis',(2.22044604925031E-16,-2.22044604925031E-16,
1.));
#4084=DIRECTION('center_axis',(0.,-1.,-2.22044604925031E-16));
#4085=DIRECTION('ref_axis',(-2.22044604925031E-16,2.22044604925031E-16,
-1.));
#4086=DIRECTION('center_axis',(0.,-1.,-2.22044604925031E-16));
#4087=DIRECTION('ref_axis',(-2.22044604925031E-16,2.22044604925031E-16,
-1.));
#4088=DIRECTION('',(0.,-1.,-2.22044604925031E-16));
#4089=DIRECTION('center_axis',(0.,-1.,-2.22044604925031E-16));
#4090=DIRECTION('ref_axis',(-2.22044604925031E-16,2.22044604925031E-16,
-1.));
#4091=DIRECTION('center_axis',(0.,1.,2.22044604925031E-16));
#4092=DIRECTION('ref_axis',(-2.22044604925031E-16,2.22044604925031E-16,
-1.));
#4093=DIRECTION('center_axis',(0.,1.,2.22044604925031E-16));
#4094=DIRECTION('ref_axis',(-2.22044604925031E-16,2.22044604925031E-16,
-1.));
#4095=DIRECTION('center_axis',(0.,-1.,-2.22044604925031E-16));
#4096=DIRECTION('ref_axis',(-2.22044604925031E-16,2.22044604925031E-16,
-1.));
#4097=DIRECTION('center_axis',(0.,-1.,-2.22044604925031E-16));
#4098=DIRECTION('ref_axis',(-2.22044604925031E-16,2.22044604925031E-16,
-1.));
#4099=DIRECTION('',(0.,-1.,-2.22044604925031E-16));
#4100=DIRECTION('center_axis',(0.,-1.,-2.22044604925031E-16));
#4101=DIRECTION('ref_axis',(-2.22044604925031E-16,2.22044604925031E-16,
-1.));
#4102=DIRECTION('center_axis',(0.,1.,2.22044604925031E-16));
#4103=DIRECTION('ref_axis',(-2.22044604925031E-16,2.22044604925031E-16,
-1.));
#4104=DIRECTION('center_axis',(0.,1.,2.22044604925031E-16));
#4105=DIRECTION('ref_axis',(-2.22044604925031E-16,2.22044604925031E-16,
-1.));
#4106=DIRECTION('center_axis',(0.,1.,2.22044604925031E-16));
#4107=DIRECTION('ref_axis',(2.22044604925031E-16,-2.22044604925031E-16,
1.));
#4108=DIRECTION('center_axis',(0.,-1.,-2.22044604925031E-16));
#4109=DIRECTION('ref_axis',(2.22044604925031E-16,-2.22044604925031E-16,
1.));
#4110=DIRECTION('center_axis',(0.,1.,2.22044604925031E-16));
#4111=DIRECTION('ref_axis',(2.22044604925031E-16,-2.22044604925031E-16,
1.));
#4112=DIRECTION('center_axis',(0.,-1.,-2.22044604925031E-16));
#4113=DIRECTION('ref_axis',(2.22044604925031E-16,-2.22044604925031E-16,
1.));
#4114=DIRECTION('center_axis',(0.,-1.,-2.22044604925031E-16));
#4115=DIRECTION('ref_axis',(-2.22044604925031E-16,2.22044604925031E-16,
-1.));
#4116=DIRECTION('',(0.,-1.,-2.22044604925031E-16));
#4117=DIRECTION('center_axis',(0.,-1.,-2.22044604925031E-16));
#4118=DIRECTION('ref_axis',(-2.22044604925031E-16,2.22044604925031E-16,
-1.));
#4119=DIRECTION('center_axis',(-1.,-4.93038065763132E-32,2.22044604925031E-16));
#4120=DIRECTION('ref_axis',(-2.22044604925031E-16,2.22044604925031E-16,
-1.));
#4121=DIRECTION('',(0.,-1.,-2.22044604925031E-16));
#4122=DIRECTION('',(-2.22044604925031E-16,2.22044604925031E-16,-1.));
#4123=DIRECTION('',(0.,-1.,-2.22044604925031E-16));
#4124=DIRECTION('',(-2.22044604925031E-16,2.22044604925031E-16,-1.));
#4125=DIRECTION('center_axis',(-2.22044604925031E-16,2.22044604925031E-16,
-1.));
#4126=DIRECTION('ref_axis',(1.,4.93038065763132E-32,-2.22044604925031E-16));
#4127=DIRECTION('',(0.,-1.,-2.22044604925031E-16));
#4128=DIRECTION('',(1.,4.93038065763132E-32,-2.22044604925031E-16));
#4129=DIRECTION('',(1.,4.93038065763132E-32,-2.22044604925031E-16));
#4130=DIRECTION('center_axis',(1.,4.93038065763132E-32,-2.22044604925031E-16));
#4131=DIRECTION('ref_axis',(2.22044604925031E-16,-2.22044604925031E-16,
1.));
#4132=DIRECTION('',(0.,-1.,-2.22044604925031E-16));
#4133=DIRECTION('',(2.22044604925031E-16,-2.22044604925031E-16,1.));
#4134=DIRECTION('',(2.22044604925031E-16,-2.22044604925031E-16,1.));
#4135=DIRECTION('center_axis',(2.22044604925031E-16,-2.22044604925031E-16,
1.));
#4136=DIRECTION('ref_axis',(-1.,-4.93038065763132E-32,2.22044604925031E-16));
#4137=DIRECTION('',(-1.,-4.93038065763132E-32,2.22044604925031E-16));
#4138=DIRECTION('',(-1.,-4.93038065763132E-32,2.22044604925031E-16));
#4139=DIRECTION('center_axis',(0.,-1.,-2.22044604925031E-16));
#4140=DIRECTION('ref_axis',(2.22044604925031E-16,-2.22044604925031E-16,
1.));
#4141=DIRECTION('',(-1.,-4.93038065763132E-32,2.22044604925031E-16));
#4142=DIRECTION('',(2.22044604925031E-16,-2.22044604925031E-16,1.));
#4143=DIRECTION('',(1.,4.93038065763132E-32,-2.22044604925031E-16));
#4144=DIRECTION('',(-2.22044604925031E-16,2.22044604925031E-16,-1.));
#4145=DIRECTION('center_axis',(1.,4.93038065763132E-32,-2.22044604925031E-16));
#4146=DIRECTION('ref_axis',(0.,-1.,-2.22044604925031E-16));
#4147=DIRECTION('',(0.,1.,2.22044604925031E-16));
#4148=DIRECTION('',(-2.22044604925031E-16,2.22044604925031E-16,-1.));
#4149=DIRECTION('',(0.,-1.,-2.22044604925031E-16));
#4150=DIRECTION('',(-2.22044604925031E-16,2.22044604925031E-16,-1.));
#4151=DIRECTION('center_axis',(0.,-1.,-2.22044604925031E-16));
#4152=DIRECTION('ref_axis',(2.22044604925031E-16,-2.22044604925031E-16,
1.));
#4153=DIRECTION('',(-2.22044604925031E-16,2.22044604925031E-16,-1.));
#4154=DIRECTION('',(-1.,-2.50162171298535E-32,1.12663026144228E-16));
#4155=DIRECTION('',(-2.22044604925031E-16,2.22044604925031E-16,-1.));
#4156=DIRECTION('',(-1.,-3.93077882653288E-33,1.77026540584493E-17));
#4157=DIRECTION('',(-1.,-4.93038065763132E-32,2.22044604925031E-16));
#4158=DIRECTION('center_axis',(-2.22044604925031E-16,2.22044604925031E-16,
-1.));
#4159=DIRECTION('ref_axis',(0.,1.,2.22044604925031E-16));
#4160=DIRECTION('',(0.,1.,2.22044604925031E-16));
#4161=DIRECTION('',(1.,4.93038065763132E-32,-2.22044604925031E-16));
#4162=DIRECTION('center_axis',(0.,1.,2.22044604925031E-16));
#4163=DIRECTION('ref_axis',(1.,4.93038065763132E-32,-2.22044604925031E-16));
#4164=DIRECTION('',(-1.,-4.93038065763132E-32,2.22044604925031E-16));
#4165=DIRECTION('',(-2.22044604925031E-16,2.22044604925031E-16,-1.));
#4166=DIRECTION('center_axis',(0.,1.,2.22044604925031E-16));
#4167=DIRECTION('ref_axis',(2.22044604925031E-16,-2.22044604925031E-16,
1.));
#4168=DIRECTION('',(-1.,-4.93038065763132E-32,2.22044604925031E-16));
#4169=DIRECTION('',(2.22044604925031E-16,-2.22044604925031E-16,1.));
#4170=DIRECTION('',(1.,4.93038065763132E-32,-2.22044604925031E-16));
#4171=DIRECTION('',(2.22044604925031E-16,-2.22044604925031E-16,1.));
#4172=DIRECTION('',(1.,4.93038065763132E-32,-2.22044604925031E-16));
#4173=DIRECTION('',(-2.22044604925031E-16,2.22044604925031E-16,-1.));
#4174=DIRECTION('',(-1.,-4.93038065763132E-32,2.22044604925031E-16));
#4175=DIRECTION('',(2.22044604925031E-16,-2.22044604925031E-16,1.));
#4176=DIRECTION('center_axis',(0.,1.,2.22044604925031E-16));
#4177=DIRECTION('ref_axis',(-2.22044604925031E-16,2.22044604925031E-16,
-1.));
#4178=DIRECTION('center_axis',(0.,-1.,-2.22044604925031E-16));
#4179=DIRECTION('ref_axis',(-2.22044604925031E-16,2.22044604925031E-16,
-1.));
#4180=DIRECTION('center_axis',(0.,1.,2.22044604925031E-16));
#4181=DIRECTION('ref_axis',(2.22044604925031E-16,-2.22044604925031E-16,
1.));
#4182=DIRECTION('',(0.,-1.,-2.22044604925031E-16));
#4183=DIRECTION('center_axis',(0.,1.,2.22044604925031E-16));
#4184=DIRECTION('ref_axis',(2.22044604925031E-16,-2.22044604925031E-16,
1.));
#4185=DIRECTION('',(0.,-1.,-2.22044604925031E-16));
#4186=DIRECTION('center_axis',(1.,4.93038065763132E-32,-2.22044604925031E-16));
#4187=DIRECTION('ref_axis',(-2.22044604925031E-16,2.22044604925031E-16,
-1.));
#4188=DIRECTION('',(0.,1.,2.22044604925031E-16));
#4189=DIRECTION('',(-2.22044604925031E-16,2.22044604925031E-16,-1.));
#4190=DIRECTION('',(0.,1.,2.22044604925031E-16));
#4191=DIRECTION('center_axis',(1.,4.93038065763132E-32,-2.22044604925031E-16));
#4192=DIRECTION('ref_axis',(-2.22044604925031E-16,2.22044604925031E-16,
-1.));
#4193=DIRECTION('',(0.,-1.,-2.22044604925031E-16));
#4194=DIRECTION('',(-2.22044604925031E-16,2.22044604925031E-16,-1.));
#4195=DIRECTION('',(0.,-1.,-2.22044604925031E-16));
#4196=DIRECTION('center_axis',(-2.22044604925031E-16,2.22044604925031E-16,
-1.));
#4197=DIRECTION('ref_axis',(-1.,-4.93038065763132E-32,2.22044604925031E-16));
#4198=DIRECTION('',(-1.,-4.93038065763132E-32,2.22044604925031E-16));
#4199=DIRECTION('',(0.,-1.,-2.22044604925031E-16));
#4200=DIRECTION('center_axis',(-1.,-4.93038065763132E-32,2.22044604925031E-16));
#4201=DIRECTION('ref_axis',(2.22044604925031E-16,-2.22044604925031E-16,
1.));
#4202=DIRECTION('',(2.22044604925031E-16,-2.22044604925031E-16,1.));
#4203=DIRECTION('',(0.,-1.,-2.22044604925031E-16));
#4204=DIRECTION('center_axis',(2.22044604925031E-16,-2.22044604925031E-16,
1.));
#4205=DIRECTION('ref_axis',(1.,4.93038065763132E-32,-2.22044604925031E-16));
#4206=DIRECTION('',(1.,4.93038065763132E-32,-2.22044604925031E-16));
#4207=DIRECTION('',(1.,4.93038065763132E-32,-2.22044604925031E-16));
#4208=DIRECTION('',(0.,1.,2.22044604925031E-16));
#4209=DIRECTION('center_axis',(-1.,-4.93038065763132E-32,2.22044604925031E-16));
#4210=DIRECTION('ref_axis',(2.22044604925031E-16,-2.22044604925031E-16,
1.));
#4211=DIRECTION('',(2.22044604925031E-16,-2.22044604925031E-16,1.));
#4212=DIRECTION('',(0.,1.,2.22044604925031E-16));
#4213=DIRECTION('center_axis',(-2.22044604925031E-16,2.22044604925031E-16,
-1.));
#4214=DIRECTION('ref_axis',(-1.,-4.93038065763132E-32,2.22044604925031E-16));
#4215=DIRECTION('',(-1.,-4.93038065763132E-32,2.22044604925031E-16));
#4216=DIRECTION('',(0.,1.,2.22044604925031E-16));
#4217=DIRECTION('center_axis',(-1.,-4.93038065763132E-32,2.22044604925031E-16));
#4218=DIRECTION('ref_axis',(2.22044604925031E-16,-2.22044604925031E-16,
1.));
#4219=DIRECTION('',(2.22044604925031E-16,-2.22044604925031E-16,1.));
#4220=DIRECTION('',(0.,1.,2.22044604925031E-16));
#4221=DIRECTION('center_axis',(2.22044604925031E-16,-2.22044604925031E-16,
1.));
#4222=DIRECTION('ref_axis',(1.,4.93038065763132E-32,-2.22044604925031E-16));
#4223=DIRECTION('',(1.,4.93038065763132E-32,-2.22044604925031E-16));
#4224=DIRECTION('',(0.,1.,2.22044604925031E-16));
#4225=DIRECTION('center_axis',(-2.22044604925031E-16,2.22044604925031E-16,
-1.));
#4226=DIRECTION('ref_axis',(0.,1.,2.22044604925031E-16));
#4227=DIRECTION('',(0.,1.,2.22044604925031E-16));
#4228=DIRECTION('',(1.,4.93038065763132E-32,-2.22044604925031E-16));
#4229=DIRECTION('',(0.,-1.,-2.22044604925031E-16));
#4230=DIRECTION('center_axis',(1.,4.93038065763132E-32,-2.22044604925031E-16));
#4231=DIRECTION('ref_axis',(-2.22044604925031E-16,2.22044604925031E-16,
-1.));
#4232=DIRECTION('',(-2.22044604925031E-16,2.22044604925031E-16,-1.));
#4233=DIRECTION('',(0.,-1.,-2.22044604925031E-16));
#4234=DIRECTION('center_axis',(2.22044604925031E-16,-2.22044604925031E-16,
1.));
#4235=DIRECTION('ref_axis',(1.,4.93038065763132E-32,-2.22044604925031E-16));
#4236=DIRECTION('',(1.,4.93038065763132E-32,-2.22044604925031E-16));
#4237=DIRECTION('',(0.,-1.,-2.22044604925031E-16));
#4238=DIRECTION('center_axis',(-1.,-4.93038065763132E-32,2.22044604925031E-16));
#4239=DIRECTION('ref_axis',(2.22044604925031E-16,-2.22044604925031E-16,
1.));
#4240=DIRECTION('',(2.22044604925031E-16,-2.22044604925031E-16,1.));
#4241=DIRECTION('',(0.,1.,2.22044604925031E-16));
#4242=DIRECTION('',(-2.22044604925031E-16,2.22044604925031E-16,-1.));
#4243=DIRECTION('center_axis',(-2.22044604925031E-16,2.22044604925031E-16,
-1.));
#4244=DIRECTION('ref_axis',(-1.,-4.93038065763132E-32,2.22044604925031E-16));
#4245=DIRECTION('',(-1.,-4.93038065763132E-32,2.22044604925031E-16));
#4246=DIRECTION('center_axis',(0.,-1.,-2.22044604925031E-16));
#4247=DIRECTION('ref_axis',(-2.22044604925031E-16,2.22044604925031E-16,
-1.));
#4248=DIRECTION('',(0.,-1.,-2.22044604925031E-16));
#4249=DIRECTION('center_axis',(0.,1.,2.22044604925031E-16));
#4250=DIRECTION('ref_axis',(2.22044604925031E-16,-2.22044604925031E-16,
1.));
#4251=DIRECTION('center_axis',(0.,1.,2.22044604925031E-16));
#4252=DIRECTION('ref_axis',(-2.22044604925031E-16,2.22044604925031E-16,
-1.));
#4253=DIRECTION('center_axis',(1.11022302462516E-14,-1.,-2.22044604925034E-16));
#4254=DIRECTION('ref_axis',(2.22044604925018E-16,-2.22044604925031E-16,
1.));
#4255=DIRECTION('center_axis',(-1.16018306073329E-14,1.,4.91845410723156E-16));
#4256=DIRECTION('ref_axis',(2.22044604925021E-16,-4.91845410723153E-16,
1.));
#4257=DIRECTION('',(-1.11022302462516E-14,1.,2.22044604925034E-16));
#4258=DIRECTION('center_axis',(-1.16018306073329E-14,1.,4.91845410723156E-16));
#4259=DIRECTION('ref_axis',(2.22044604925021E-16,-4.91845410723153E-16,
1.));
#4260=DIRECTION('center_axis',(1.11022302462516E-14,-1.,-2.22044604925034E-16));
#4261=DIRECTION('ref_axis',(2.22044604925018E-16,-2.22044604925031E-16,
1.));
#4262=DIRECTION('center_axis',(1.16018306073329E-14,-1.,-4.91845410723156E-16));
#4263=DIRECTION('ref_axis',(2.22044604925021E-16,-4.91845410723153E-16,
1.));
#4264=DIRECTION('',(-1.11022302462516E-14,1.,2.22044604925034E-16));
#4265=DIRECTION('center_axis',(1.16018306073329E-14,-1.,-4.91845410723156E-16));
#4266=DIRECTION('ref_axis',(2.22044604925021E-16,-4.91845410723153E-16,
1.));
#4267=DIRECTION('center_axis',(1.16018306073329E-14,-1.,-4.91845410723156E-16));
#4268=DIRECTION('ref_axis',(2.22044604925021E-16,-4.91845410723153E-16,
1.));
#4269=DIRECTION('center_axis',(1.16018306073329E-14,-1.,-4.91845410723156E-16));
#4270=DIRECTION('ref_axis',(2.22044604925021E-16,-4.91845410723153E-16,
1.));
#4271=DIRECTION('center_axis',(1.11022302462516E-14,-1.,-2.22044604925034E-16));
#4272=DIRECTION('ref_axis',(2.22044604925018E-16,-2.22044604925031E-16,
1.));
#4273=DIRECTION('center_axis',(-1.16018306073329E-14,1.,4.91845410723156E-16));
#4274=DIRECTION('ref_axis',(2.22044604925021E-16,-4.91845410723153E-16,
1.));
#4275=DIRECTION('',(-1.11022302462516E-14,1.,2.22044604925034E-16));
#4276=DIRECTION('center_axis',(-1.16018306073329E-14,1.,4.91845410723156E-16));
#4277=DIRECTION('ref_axis',(2.22044604925021E-16,-4.91845410723153E-16,
1.));
#4278=DIRECTION('center_axis',(1.11022302462516E-14,-1.,-2.22044604925034E-16));
#4279=DIRECTION('ref_axis',(2.22044604925018E-16,-2.22044604925031E-16,
1.));
#4280=DIRECTION('center_axis',(1.16018306073329E-14,-1.,-4.91845410723156E-16));
#4281=DIRECTION('ref_axis',(2.22044604925021E-16,-4.91845410723153E-16,
1.));
#4282=DIRECTION('',(-1.11022302462516E-14,1.,2.22044604925034E-16));
#4283=DIRECTION('center_axis',(1.16018306073329E-14,-1.,-4.91845410723156E-16));
#4284=DIRECTION('ref_axis',(2.22044604925021E-16,-4.91845410723153E-16,
1.));
#4285=DIRECTION('center_axis',(1.16018306073329E-14,-1.,-4.91845410723156E-16));
#4286=DIRECTION('ref_axis',(2.22044604925021E-16,-4.91845410723153E-16,
1.));
#4287=DIRECTION('center_axis',(1.16018306073329E-14,-1.,-4.91845410723156E-16));
#4288=DIRECTION('ref_axis',(2.22044604925021E-16,-4.91845410723153E-16,
1.));
#4289=DIRECTION('center_axis',(1.11022302462516E-14,-1.,-2.22044604925034E-16));
#4290=DIRECTION('ref_axis',(2.22044604925018E-16,-2.22044604925031E-16,
1.));
#4291=DIRECTION('center_axis',(-1.16018306073329E-14,1.,4.91845410723156E-16));
#4292=DIRECTION('ref_axis',(2.22044604925021E-16,-4.91845410723153E-16,
1.));
#4293=DIRECTION('',(-1.11022302462516E-14,1.,2.22044604925034E-16));
#4294=DIRECTION('center_axis',(-1.16018306073329E-14,1.,4.91845410723156E-16));
#4295=DIRECTION('ref_axis',(2.22044604925021E-16,-4.91845410723153E-16,
1.));
#4296=DIRECTION('center_axis',(1.11022302462516E-14,-1.,-2.22044604925034E-16));
#4297=DIRECTION('ref_axis',(2.22044604925018E-16,-2.22044604925031E-16,
1.));
#4298=DIRECTION('center_axis',(1.16018306073329E-14,-1.,-4.91845410723156E-16));
#4299=DIRECTION('ref_axis',(2.22044604925021E-16,-4.91845410723153E-16,
1.));
#4300=DIRECTION('',(-1.11022302462516E-14,1.,2.22044604925034E-16));
#4301=DIRECTION('center_axis',(1.16018306073329E-14,-1.,-4.91845410723156E-16));
#4302=DIRECTION('ref_axis',(2.22044604925021E-16,-4.91845410723153E-16,
1.));
#4303=DIRECTION('center_axis',(1.16018306073329E-14,-1.,-4.91845410723156E-16));
#4304=DIRECTION('ref_axis',(2.22044604925021E-16,-4.91845410723153E-16,
1.));
#4305=DIRECTION('center_axis',(1.16018306073329E-14,-1.,-4.91845410723156E-16));
#4306=DIRECTION('ref_axis',(2.22044604925021E-16,-4.91845410723153E-16,
1.));
#4307=DIRECTION('center_axis',(1.11022302462516E-14,-1.,-2.22044604925034E-16));
#4308=DIRECTION('ref_axis',(2.22044604925018E-16,-2.22044604925031E-16,
1.));
#4309=DIRECTION('center_axis',(-1.16018306073329E-14,1.,4.91845410723156E-16));
#4310=DIRECTION('ref_axis',(2.22044604925021E-16,-4.91845410723153E-16,
1.));
#4311=DIRECTION('',(-1.11022302462516E-14,1.,2.22044604925034E-16));
#4312=DIRECTION('center_axis',(-1.16018306073329E-14,1.,4.91845410723156E-16));
#4313=DIRECTION('ref_axis',(2.22044604925021E-16,-4.91845410723153E-16,
1.));
#4314=DIRECTION('center_axis',(1.11022302462516E-14,-1.,-2.22044604925034E-16));
#4315=DIRECTION('ref_axis',(2.22044604925018E-16,-2.22044604925031E-16,
1.));
#4316=DIRECTION('center_axis',(1.16018306073329E-14,-1.,-4.91845410723156E-16));
#4317=DIRECTION('ref_axis',(2.22044604925021E-16,-4.91845410723153E-16,
1.));
#4318=DIRECTION('',(-1.11022302462516E-14,1.,2.22044604925034E-16));
#4319=DIRECTION('center_axis',(1.16018306073329E-14,-1.,-4.91845410723156E-16));
#4320=DIRECTION('ref_axis',(2.22044604925021E-16,-4.91845410723153E-16,
1.));
#4321=DIRECTION('center_axis',(1.16018306073329E-14,-1.,-4.91845410723156E-16));
#4322=DIRECTION('ref_axis',(2.22044604925021E-16,-4.91845410723153E-16,
1.));
#4323=DIRECTION('center_axis',(1.16018306073329E-14,-1.,-4.91845410723156E-16));
#4324=DIRECTION('ref_axis',(2.22044604925021E-16,-4.91845410723153E-16,
1.));
#4325=CARTESIAN_POINT('',(0.,0.,0.));
#4326=CARTESIAN_POINT('Origin',(4.72299999999999,7.93,4.72320000000003));
#4327=CARTESIAN_POINT('',(4.72299999999999,12.93,6.67320000000004));
#4328=CARTESIAN_POINT('Origin',(4.72299999999999,12.93,4.72320000000004));
#4329=CARTESIAN_POINT('',(4.72299999999999,21.28,6.67320000000004));
#4330=CARTESIAN_POINT('',(4.72299999999999,7.93,6.67320000000004));
#4331=CARTESIAN_POINT('Origin',(4.72299999999999,21.28,4.72320000000004));
#4332=CARTESIAN_POINT('Origin',(157.677,7.93,4.72320000000003));
#4333=CARTESIAN_POINT('',(157.677,12.93,6.67320000000004));
#4334=CARTESIAN_POINT('Origin',(157.677,12.93,4.72320000000004));
#4335=CARTESIAN_POINT('',(157.677,21.28,6.67320000000004));
#4336=CARTESIAN_POINT('',(157.677,7.93,6.67320000000004));
#4337=CARTESIAN_POINT('Origin',(157.677,21.28,4.72320000000004));
#4338=CARTESIAN_POINT('Origin',(17.4225,17.2800000000001,3.36650000000006));
#4339=CARTESIAN_POINT('',(17.4225,17.28,4.71650000000004));
#4340=CARTESIAN_POINT('Origin',(17.4225,17.2800000000001,3.36650000000006));
#4341=CARTESIAN_POINT('',(17.4225,21.28,4.71650000000004));
#4342=CARTESIAN_POINT('',(17.4225,17.2800000000001,4.71650000000006));
#4343=CARTESIAN_POINT('Origin',(17.4225,21.28,3.36650000000006));
#4344=CARTESIAN_POINT('Origin',(17.4225,17.2800000000001,3.36650000000006));
#4345=CARTESIAN_POINT('Origin',(40.4225000000001,17.2800000000001,3.36650000000006));
#4346=CARTESIAN_POINT('',(40.4225000000001,17.28,4.71650000000004));
#4347=CARTESIAN_POINT('Origin',(40.4225000000001,17.2800000000001,3.36650000000006));
#4348=CARTESIAN_POINT('',(40.4225000000001,21.28,4.71650000000004));
#4349=CARTESIAN_POINT('',(40.4225000000001,17.2800000000001,4.71650000000006));
#4350=CARTESIAN_POINT('Origin',(40.4225000000001,21.28,3.36650000000006));
#4351=CARTESIAN_POINT('Origin',(40.4225000000001,17.2800000000001,3.36650000000006));
#4352=CARTESIAN_POINT('Origin',(40.4225000000001,17.2800000000001,61.3665));
#4353=CARTESIAN_POINT('',(40.4225000000001,17.28,62.7165));
#4354=CARTESIAN_POINT('Origin',(40.4225000000001,17.2800000000001,61.3665));
#4355=CARTESIAN_POINT('',(40.4225000000001,21.28,62.7165));
#4356=CARTESIAN_POINT('',(40.4225000000001,17.2800000000001,62.7165));
#4357=CARTESIAN_POINT('Origin',(40.4225000000001,21.28,61.3665));
#4358=CARTESIAN_POINT('Origin',(40.4225000000001,17.2800000000001,61.3665));
#4359=CARTESIAN_POINT('Origin',(17.4225,17.2800000000001,61.3665));
#4360=CARTESIAN_POINT('',(17.4225,17.28,62.7165));
#4361=CARTESIAN_POINT('Origin',(17.4225,17.2800000000001,61.3665));
#4362=CARTESIAN_POINT('',(17.4225,21.28,62.7165));
#4363=CARTESIAN_POINT('',(17.4225,17.2800000000001,62.7165));
#4364=CARTESIAN_POINT('Origin',(17.4225,21.28,61.3665));
#4365=CARTESIAN_POINT('Origin',(17.4225,17.2800000000001,61.3665));
#4366=CARTESIAN_POINT('Origin',(162.4,7.08,0.000199999999992428));
#4367=CARTESIAN_POINT('',(162.4,12.93,0.000199999999996869));
#4368=CARTESIAN_POINT('',(0.,12.93,0.000200000000067924));
#4369=CARTESIAN_POINT('',(128.15,12.93,0.000199999999996869));
#4370=CARTESIAN_POINT('',(0.,21.28,0.000200000000067924));
#4371=CARTESIAN_POINT('',(0.,7.08,0.000200000000063483));
#4372=CARTESIAN_POINT('',(162.4,21.28,0.000199999999996869));
#4373=CARTESIAN_POINT('',(162.4,21.28,0.000199999999996869));
#4374=CARTESIAN_POINT('',(162.4,7.08,0.000199999999992428));
#4375=CARTESIAN_POINT('Origin',(142.955,12.93,155.844));
#4376=CARTESIAN_POINT('',(152.955,12.93,155.844));
#4377=CARTESIAN_POINT('',(143.41,12.93,155.844));
#4378=CARTESIAN_POINT('',(112.0775,12.93,155.844));
#4379=CARTESIAN_POINT('',(152.955,8.12999999999996,155.844));
#4380=CARTESIAN_POINT('',(152.955,12.93,155.844));
#4381=CARTESIAN_POINT('',(142.955,8.12999999999996,155.844));
#4382=CARTESIAN_POINT('',(152.955,8.12999999999996,155.844));
#4383=CARTESIAN_POINT('',(142.955,12.93,155.844));
#4384=CARTESIAN_POINT('',(142.955,12.93,155.844));
#4385=CARTESIAN_POINT('',(152.955,12.93,155.844));
#4386=CARTESIAN_POINT('Origin',(142.955,12.93,195.844));
#4387=CARTESIAN_POINT('',(142.955,12.93,182.324));
#4388=CARTESIAN_POINT('',(142.955,12.93,155.844));
#4389=CARTESIAN_POINT('',(142.955,8.12999999999995,195.844));
#4390=CARTESIAN_POINT('',(142.955,8.12999999999996,155.844));
#4391=CARTESIAN_POINT('',(142.955,12.93,195.844));
#4392=CARTESIAN_POINT('',(142.955,12.93,195.844));
#4393=CARTESIAN_POINT('',(142.955,12.93,177.1065));
#4394=CARTESIAN_POINT('Origin',(79.4450000000001,12.93,195.844));
#4395=CARTESIAN_POINT('',(79.4450000000001,12.93,195.844));
#4396=CARTESIAN_POINT('',(80.3225000000001,12.93,195.844));
#4397=CARTESIAN_POINT('',(79.4450000000001,8.12999999999995,195.844));
#4398=CARTESIAN_POINT('',(79.4450000000001,8.12999999999995,195.844));
#4399=CARTESIAN_POINT('',(79.4450000000001,12.93,195.844));
#4400=CARTESIAN_POINT('Origin',(79.445,12.93,40.894));
#4401=CARTESIAN_POINT('',(79.445,12.93,40.894));
#4402=CARTESIAN_POINT('',(79.4450000000001,12.93,99.6315));
#4403=CARTESIAN_POINT('',(79.445,8.12999999999999,40.894));
#4404=CARTESIAN_POINT('',(79.4450000000001,8.12999999999994,275.844));
#4405=CARTESIAN_POINT('',(79.445,12.93,40.894));
#4406=CARTESIAN_POINT('Origin',(9.44500000000003,12.93,40.894));
#4407=CARTESIAN_POINT('',(9.44500000000003,12.93,40.894));
#4408=CARTESIAN_POINT('',(45.3225,12.93,40.894));
#4409=CARTESIAN_POINT('',(9.44500000000003,8.12999999999999,40.894));
#4410=CARTESIAN_POINT('',(79.445,8.12999999999999,40.894));
#4411=CARTESIAN_POINT('',(9.44500000000003,12.93,40.894));
#4412=CARTESIAN_POINT('Origin',(9.44500000000007,12.9299999999999,275.844));
#4413=CARTESIAN_POINT('',(9.44500000000007,12.9299999999999,275.844));
#4414=CARTESIAN_POINT('',(9.44500000000007,12.93,217.1065));
#4415=CARTESIAN_POINT('',(9.44500000000007,8.12999999999994,275.844));
#4416=CARTESIAN_POINT('',(9.44500000000003,8.12999999999999,40.894));
#4417=CARTESIAN_POINT('',(9.44500000000007,12.9299999999999,275.844));
#4418=CARTESIAN_POINT('Origin',(152.955,12.9299999999999,275.844));
#4419=CARTESIAN_POINT('',(152.955,12.9299999999999,275.844));
#4420=CARTESIAN_POINT('',(117.0775,12.9299999999999,275.844));
#4421=CARTESIAN_POINT('',(152.955,8.12999999999994,275.844));
#4422=CARTESIAN_POINT('',(9.44500000000007,8.12999999999994,275.844));
#4423=CARTESIAN_POINT('',(152.955,12.9299999999999,275.844));
#4424=CARTESIAN_POINT('Origin',(152.955,12.93,155.844));
#4425=CARTESIAN_POINT('',(152.955,12.93,157.1065));
#4426=CARTESIAN_POINT('',(152.955,8.12999999999995,195.844));
#4427=CARTESIAN_POINT('Origin',(81.2000000000001,12.93,158.369));
#4428=CARTESIAN_POINT('',(143.41,12.93,182.324));
#4429=CARTESIAN_POINT('',(143.41,12.93,99.6315));
#4430=CARTESIAN_POINT('',(84.3162000000001,12.93,182.324));
#4431=CARTESIAN_POINT('Origin',(81.2000000000001,8.12999999999996,158.369));
#4432=CARTESIAN_POINT('Origin',(81.2000000000001,21.28,158.369));
#4433=CARTESIAN_POINT('',(86.9306000000001,21.28,9.44900000000004));
#4434=CARTESIAN_POINT('',(0.,21.28,9.44900000000004));
#4435=CARTESIAN_POINT('',(5.00000000000002,21.28,9.44900000000004));
#4436=CARTESIAN_POINT('',(7.105427357601E-14,21.2799999999999,285.289));
#4437=CARTESIAN_POINT('',(1.77635683940025E-14,21.28,31.449));
#4438=CARTESIAN_POINT('',(162.4,21.2799999999999,285.289));
#4439=CARTESIAN_POINT('',(157.4,21.2799999999999,285.289));
#4440=CARTESIAN_POINT('',(162.4,21.2799999999999,280.289));
#4441=CARTESIAN_POINT('',(0.,21.28,9.44520000000005));
#4442=CARTESIAN_POINT('',(0.,21.28,4.44520000000005));
#4443=CARTESIAN_POINT('',(152.68126523766,21.28,9.44519999999997));
#4444=CARTESIAN_POINT('',(116.94063261883,21.28,9.44519999999997));
#4445=CARTESIAN_POINT('',(152.68126523766,21.28,31.4452));
#4446=CARTESIAN_POINT('',(152.68126523766,21.28,91.4071));
#4447=CARTESIAN_POINT('',(132.,21.28,31.4452));
#4448=CARTESIAN_POINT('',(106.6,21.28,31.4452));
#4449=CARTESIAN_POINT('',(132.,21.28,40.894));
#4450=CARTESIAN_POINT('',(132.,21.28,31.4452));
#4451=CARTESIAN_POINT('',(143.41,21.28,40.894));
#4452=CARTESIAN_POINT('',(83.7400000000001,21.28,40.894));
#4453=CARTESIAN_POINT('',(143.41,21.28,182.324));
#4454=CARTESIAN_POINT('',(143.41,21.28,99.6315));
#4455=CARTESIAN_POINT('',(86.9324000000001,21.28,182.324));
#4456=CARTESIAN_POINT('',(84.3162000000001,21.28,182.324));
#4457=CARTESIAN_POINT('',(86.9324000000001,21.28,40.894));
#4458=CARTESIAN_POINT('',(86.9324000000001,21.28,172.0215));
#4459=CARTESIAN_POINT('',(86.9306000000001,21.28,40.894));
#4460=CARTESIAN_POINT('',(86.4324000000001,21.28,40.894));
#4461=CARTESIAN_POINT('',(86.9306000000001,21.28,36.449));
#4462=CARTESIAN_POINT('',(4.72250000000008,21.2799999999999,278.6165));
#4463=CARTESIAN_POINT('Origin',(4.72250000000008,21.2799999999999,280.5665));
#4464=CARTESIAN_POINT('',(157.6775,21.2799999999999,278.6165));
#4465=CARTESIAN_POINT('Origin',(157.6775,21.2799999999999,280.5665));
#4466=CARTESIAN_POINT('Origin',(5.00000000000002,6.57999999999999,9.44900000000004));
#4467=CARTESIAN_POINT('',(86.9306000000001,12.93,9.44900000000004));
#4468=CARTESIAN_POINT('',(0.,12.93,9.44900000000004));
#4469=CARTESIAN_POINT('',(49.45,12.93,9.44900000000004));
#4470=CARTESIAN_POINT('',(0.,16.74,9.44900000000004));
#4471=CARTESIAN_POINT('',(86.9306000000001,19.28,9.44900000000004));
#4472=CARTESIAN_POINT('Origin',(7.105427357601E-14,6.57999999999994,279.019));
#4473=CARTESIAN_POINT('',(7.105427357601E-14,12.9299999999999,285.289));
#4474=CARTESIAN_POINT('',(5.32907051820075E-14,12.93,218.694));
#4475=CARTESIAN_POINT('',(7.105427357601E-14,16.7399999999999,285.289));
#4476=CARTESIAN_POINT('Origin',(182.8,6.57999999999993,285.289));
#4477=CARTESIAN_POINT('',(162.4,12.9299999999999,285.289));
#4478=CARTESIAN_POINT('',(138.35,12.9299999999999,285.289));
#4479=CARTESIAN_POINT('',(162.4,16.7399999999999,285.289));
#4480=CARTESIAN_POINT('Origin',(162.4,6.57999999999999,37.7189999999999));
#4481=CARTESIAN_POINT('',(162.4,12.93,4.44519999999998));
#4482=CARTESIAN_POINT('Origin',(0.,7.08,4.44520000000004));
#4483=CARTESIAN_POINT('',(0.,12.93,9.44520000000005));
#4484=CARTESIAN_POINT('',(1.77635683940025E-14,12.93,81.4071));
#4485=CARTESIAN_POINT('',(0.,7.08,9.44520000000004));
#4486=CARTESIAN_POINT('Origin',(0.,7.08,9.44520000000004));
#4487=CARTESIAN_POINT('',(152.68126523766,12.93,9.44519999999997));
#4488=CARTESIAN_POINT('',(46.95,12.93,9.44519999999997));
#4489=CARTESIAN_POINT('',(152.68126523766,19.28,9.44519999999997));
#4490=CARTESIAN_POINT('Origin',(152.68126523766,7.08,24.4452));
#4491=CARTESIAN_POINT('',(152.68126523766,12.93,31.4452));
#4492=CARTESIAN_POINT('',(152.68126523766,12.93,91.4071));
#4493=CARTESIAN_POINT('',(152.68126523766,19.28,31.4452));
#4494=CARTESIAN_POINT('Origin',(132.,7.07999999999999,31.4452));
#4495=CARTESIAN_POINT('',(132.,12.93,31.4452));
#4496=CARTESIAN_POINT('',(112.95,12.93,31.4452));
#4497=CARTESIAN_POINT('',(132.,11.91,31.4452));
#4498=CARTESIAN_POINT('Origin',(132.,16.74,28.98495468662));
#4499=CARTESIAN_POINT('',(132.,12.93,40.894));
#4500=CARTESIAN_POINT('',(132.,12.93,93.67697734331));
#4501=CARTESIAN_POINT('',(132.,11.66,40.894));
#4502=CARTESIAN_POINT('Origin',(81.2000000000001,12.93,158.369));
#4503=CARTESIAN_POINT('',(143.41,12.93,40.894));
#4504=CARTESIAN_POINT('',(143.41,12.93,99.6315));
#4505=CARTESIAN_POINT('',(136.1275,12.93,40.894));
#4506=CARTESIAN_POINT('',(86.9306000000001,12.93,40.894));
#4507=CARTESIAN_POINT('',(86.9306000000001,12.93,104.203041560965));
#4508=CARTESIAN_POINT('',(86.9324000000001,12.93,40.894));
#4509=CARTESIAN_POINT('',(86.4324000000001,12.93,40.894));
#4510=CARTESIAN_POINT('',(86.9324000000001,12.93,182.324));
#4511=CARTESIAN_POINT('',(86.9324000000001,12.93,172.0215));
#4512=CARTESIAN_POINT('',(84.3162000000001,12.93,182.324));
#4513=CARTESIAN_POINT('',(157.6775,12.9299999999999,278.6165));
#4514=CARTESIAN_POINT('Origin',(157.6775,12.9299999999999,280.5665));
#4515=CARTESIAN_POINT('',(4.72250000000008,12.9299999999999,278.6165));
#4516=CARTESIAN_POINT('Origin',(4.72250000000008,12.9299999999999,280.5665));
#4517=CARTESIAN_POINT('Origin',(86.9306000000001,16.74,50.0370831219304));
#4518=CARTESIAN_POINT('',(86.9306000000001,16.74,40.894));
#4519=CARTESIAN_POINT('Origin',(86.4324000000001,12.93,40.894));
#4520=CARTESIAN_POINT('',(86.9324000000001,12.93,40.894));
#4521=CARTESIAN_POINT('Origin',(86.9324000000001,12.93,185.674));
#4522=CARTESIAN_POINT('',(86.9324000000001,16.74,182.324));
#4523=CARTESIAN_POINT('Origin',(142.16,12.93,182.324));
#4524=CARTESIAN_POINT('',(143.41,12.93,182.324));
#4525=CARTESIAN_POINT('Origin',(143.41,12.93,40.894));
#4526=CARTESIAN_POINT('',(143.41,16.74,40.894));
#4527=CARTESIAN_POINT('Origin',(178.355,6.57999999999999,40.894));
#4528=CARTESIAN_POINT('Origin',(4.72250000000008,19.2799999999999,280.5665));
#4529=CARTESIAN_POINT('',(4.72250000000008,19.2799999999999,278.6165));
#4530=CARTESIAN_POINT('Origin',(157.6775,19.2799999999999,280.5665));
#4531=CARTESIAN_POINT('',(157.6775,19.2799999999999,278.6165));
#4532=CARTESIAN_POINT('Origin',(81.2000000000001,41.2799999999999,252.6446));
#4533=CARTESIAN_POINT('',(73.7131269410793,40.2799999999999,256.669116343563));
#4534=CARTESIAN_POINT('',(88.6964760379008,40.2799999999999,256.651200430937));
#4535=CARTESIAN_POINT('Origin',(81.2000000000001,40.28,252.6446));
#4536=CARTESIAN_POINT('',(87.7591996288575,41.2799999999999,256.2814805629));
#4537=CARTESIAN_POINT('Ctrl Pts',(88.6964760379008,40.2799999999999,256.651200430937));
#4538=CARTESIAN_POINT('Ctrl Pts',(88.6949472363785,40.2799999999999,256.650603969529));
#4539=CARTESIAN_POINT('Ctrl Pts',(88.6934184472552,40.2800039827078,256.650007482715));
#4540=CARTESIAN_POINT('Ctrl Pts',(88.6288458668525,40.2803404260253,256.624811955921));
#4541=CARTESIAN_POINT('Ctrl Pts',(88.5660015561136,40.2874409844026,256.600238778798));
#4542=CARTESIAN_POINT('Ctrl Pts',(88.4426433576978,40.3149704133953,256.551902174355));
#4543=CARTESIAN_POINT('Ctrl Pts',(88.382424975315,40.335327822823,256.528254607209));
#4544=CARTESIAN_POINT('Ctrl Pts',(88.2126152465142,40.4135694616028,256.461437817249));
#4545=CARTESIAN_POINT('Ctrl Pts',(88.1110726562481,40.4880258561418,256.421303555668));
#4546=CARTESIAN_POINT('Ctrl Pts',(87.9410674202291,40.6738361338076,256.353922266705));
#4547=CARTESIAN_POINT('Ctrl Pts',(87.8739439032418,40.7831335604467,256.327213407158));
#4548=CARTESIAN_POINT('Ctrl Pts',(87.7826527905612,41.0228191704832,256.290847819728));
#4549=CARTESIAN_POINT('Ctrl Pts',(87.7591996288574,41.1507611855679,256.2814805629));
#4550=CARTESIAN_POINT('Ctrl Pts',(87.7591996288574,41.2799999999999,256.2814805629));
#4551=CARTESIAN_POINT('',(74.649793930311,41.2799999999999,256.297653578119));
#4552=CARTESIAN_POINT('Origin',(81.2000000000001,41.2799999999999,252.6446));
#4553=CARTESIAN_POINT('Ctrl Pts',(74.649793930311,41.2799999999999,256.297653578119));
#4554=CARTESIAN_POINT('Ctrl Pts',(74.6497939303111,41.1507707172607,256.297653578119));
#4555=CARTESIAN_POINT('Ctrl Pts',(74.6263597815129,41.0228387314161,256.307063599557));
#4556=CARTESIAN_POINT('Ctrl Pts',(74.5351415064383,40.7831653433365,256.343595592553));
#4557=CARTESIAN_POINT('Ctrl Pts',(74.4680697005652,40.6738714783428,256.370427379507));
#4558=CARTESIAN_POINT('Ctrl Pts',(74.2981893685816,40.4880568570997,256.438120967845));
#4559=CARTESIAN_POINT('Ctrl Pts',(74.1967161826202,40.4135953115236,256.478443200248));
#4560=CARTESIAN_POINT('Ctrl Pts',(74.027013328543,40.3353412349127,256.545576270718));
#4561=CARTESIAN_POINT('Ctrl Pts',(73.9668263353999,40.3149786851623,256.569338292297));
#4562=CARTESIAN_POINT('Ctrl Pts',(73.8435316025816,40.2874424218343,256.61790905575));
#4563=CARTESIAN_POINT('Ctrl Pts',(73.7807191205874,40.2803402209417,256.64260141336));
#4564=CARTESIAN_POINT('Ctrl Pts',(73.7161804131397,40.2800039770714,256.667918620467));
#4565=CARTESIAN_POINT('Ctrl Pts',(73.7146536833473,40.2799999999999,256.668517494755));
#4566=CARTESIAN_POINT('Ctrl Pts',(73.7131269410793,40.2799999999999,256.669116343563));
#4567=CARTESIAN_POINT('Origin',(87.9017751003934,41.2799999999999,259.723299976804));
#4568=CARTESIAN_POINT('',(83.136264419192,40.2799999999999,278.145479325758));
#4569=CARTESIAN_POINT('',(87.9017751003934,40.2799999999999,259.723299976804));
#4570=CARTESIAN_POINT('',(82.1681322095961,41.2799999999999,277.895039662879));
#4571=CARTESIAN_POINT('Origin',(83.136264419192,41.2799999999999,278.145479325758));
#4572=CARTESIAN_POINT('',(86.9336428907974,41.2799999999999,259.472860313925));
#4573=CARTESIAN_POINT('Origin',(81.2000000000001,41.2799999999999,277.6446));
#4574=CARTESIAN_POINT('',(80.2000000000001,41.2799999999999,277.6446));
#4575=CARTESIAN_POINT('Origin',(81.2000000000001,41.2799999999999,277.6446));
#4576=CARTESIAN_POINT('',(79.2055843372169,40.2799999999999,277.793952482554));
#4577=CARTESIAN_POINT('Origin',(81.2000000000001,40.2799999999999,277.6446));
#4578=CARTESIAN_POINT('Ctrl Pts',(79.2055843372169,40.2799999999999,277.793952482554));
#4579=CARTESIAN_POINT('Ctrl Pts',(79.2082224063627,40.2799999999999,277.793514408611));
#4580=CARTESIAN_POINT('Ctrl Pts',(79.2108605046256,40.2800106406845,277.793076573656));
#4581=CARTESIAN_POINT('Ctrl Pts',(79.3457485387787,40.2810987485174,277.770702269654));
#4582=CARTESIAN_POINT('Ctrl Pts',(79.4766027382019,40.30889478917,277.74963737507));
#4583=CARTESIAN_POINT('Ctrl Pts',(79.7171924009554,40.4133734882594,277.712279219973));
#4584=CARTESIAN_POINT('Ctrl Pts',(79.8251310398813,40.4879164499219,277.696235889752));
#4585=CARTESIAN_POINT('Ctrl Pts',(80.0060412279938,40.6738418987876,277.670331490359));
#4586=CARTESIAN_POINT('Ctrl Pts',(80.0776061258493,40.783211880059,277.660642358588));
#4587=CARTESIAN_POINT('Ctrl Pts',(80.1749531491573,41.0229032800906,277.647752422832));
#4588=CARTESIAN_POINT('Ctrl Pts',(80.2000000000001,41.1507969394193,277.6446));
#4589=CARTESIAN_POINT('Ctrl Pts',(80.2000000000001,41.2799999999999,277.6446));
#4590=CARTESIAN_POINT('Origin',(77.2850999360743,41.2799999999999,270.407474016621));
#4591=CARTESIAN_POINT('',(78.2529224428626,41.2799999999999,270.155840164856));
#4592=CARTESIAN_POINT('',(77.2850999360743,40.2799999999999,270.407474016621));
#4593=CARTESIAN_POINT('Origin',(80.2000000000001,40.2799999999999,277.6446));
#4594=CARTESIAN_POINT('',(74.649793930311,43.2799999999999,256.297653578119));
#4595=CARTESIAN_POINT('',(74.649793930311,40.2799999999999,256.297653578119));
#4596=CARTESIAN_POINT('',(80.2000000000001,43.2799999999999,277.6446));
#4597=CARTESIAN_POINT('',(80.2000000000001,43.2799999999999,277.6446));
#4598=CARTESIAN_POINT('',(80.2000000000001,40.2799999999999,277.6446));
#4599=CARTESIAN_POINT('Origin',(81.2000000000001,40.28,252.6446));
#4600=CARTESIAN_POINT('',(87.7591996288575,43.2799999999999,256.2814805629));
#4601=CARTESIAN_POINT('',(87.7591996288575,40.2799999999999,256.2814805629));
#4602=CARTESIAN_POINT('Origin',(81.2000000000001,43.2799999999999,252.6446));
#4603=CARTESIAN_POINT('Origin',(81.2000000000001,40.2799999999999,261.3946));
#4604=CARTESIAN_POINT('',(83.5855619205021,40.2799999999999,278.392326101892));
#4605=CARTESIAN_POINT('',(78.8144380794981,40.2799999999999,278.392326101892));
#4606=CARTESIAN_POINT('Origin',(81.2000000000001,40.2799999999999,277.6446));
#4607=CARTESIAN_POINT('',(71.6606081287544,40.28,255.644600454469));
#4608=CARTESIAN_POINT('',(55.9206091567542,40.28,205.594601954215));
#4609=CARTESIAN_POINT('',(90.5189656079711,40.2799999999999,256.271841375681));
#4610=CARTESIAN_POINT('Origin',(81.2000000000001,40.28,252.6446));
#4611=CARTESIAN_POINT('',(102.850028609406,40.28,216.930544795161));
#4612=CARTESIAN_POINT('Origin',(4.72250000000008,40.2799999999999,280.5665));
#4613=CARTESIAN_POINT('',(4.7225000000001,43.2799999999999,284.5665));
#4614=CARTESIAN_POINT('Origin',(4.72250000000008,43.2799999999999,280.5665));
#4615=CARTESIAN_POINT('',(4.7225000000001,40.2799999999999,284.5665));
#4616=CARTESIAN_POINT('',(4.72250000000008,40.2799999999999,284.5665));
#4617=CARTESIAN_POINT('Origin',(4.72250000000008,40.2799999999999,280.5665));
#4618=CARTESIAN_POINT('Origin',(157.677,40.28,4.72320000000004));
#4619=CARTESIAN_POINT('',(157.677,43.28,8.72320000000003));
#4620=CARTESIAN_POINT('Origin',(157.677,43.28,4.72320000000004));
#4621=CARTESIAN_POINT('',(157.677,40.28,8.72320000000003));
#4622=CARTESIAN_POINT('',(157.677,40.28,8.72320000000004));
#4623=CARTESIAN_POINT('Origin',(157.677,40.28,4.72320000000004));
#4624=CARTESIAN_POINT('Origin',(157.6775,40.2799999999999,280.5665));
#4625=CARTESIAN_POINT('',(157.6775,43.2799999999999,284.5665));
#4626=CARTESIAN_POINT('Origin',(157.6775,43.2799999999999,280.5665));
#4627=CARTESIAN_POINT('',(157.6775,40.2799999999999,284.5665));
#4628=CARTESIAN_POINT('',(157.6775,40.2799999999999,284.5665));
#4629=CARTESIAN_POINT('Origin',(157.6775,40.2799999999999,280.5665));
#4630=CARTESIAN_POINT('Origin',(4.72299999999999,40.28,4.72320000000004));
#4631=CARTESIAN_POINT('',(4.72299999999999,43.28,8.72320000000003));
#4632=CARTESIAN_POINT('Origin',(4.72299999999999,43.28,4.72320000000004));
#4633=CARTESIAN_POINT('',(4.72299999999999,40.28,8.72320000000003));
#4634=CARTESIAN_POINT('',(4.72299999999999,40.28,8.72320000000004));
#4635=CARTESIAN_POINT('Origin',(4.72299999999999,40.28,4.72320000000004));
#4636=CARTESIAN_POINT('Origin',(81.2000000000001,40.2799999999999,277.6446));
#4637=CARTESIAN_POINT('',(82.1681322095961,43.2799999999999,277.895039662879));
#4638=CARTESIAN_POINT('Origin',(81.2000000000001,43.2799999999999,277.6446));
#4639=CARTESIAN_POINT('',(82.1681322095961,40.2799999999999,277.895039662879));
#4640=CARTESIAN_POINT('Origin',(87.7591996288575,40.2799999999999,256.2814805629));
#4641=CARTESIAN_POINT('',(88.7000000000001,43.2799999999999,252.6446));
#4642=CARTESIAN_POINT('Origin',(81.2000000000001,43.2799999999999,261.3946));
#4643=CARTESIAN_POINT('',(162.4,43.28,0.00020000000000131));
#4644=CARTESIAN_POINT('',(1.77635683940025E-14,43.28,0.000200000000072365));
#4645=CARTESIAN_POINT('',(162.4,43.28,0.00020000000000131));
#4646=CARTESIAN_POINT('',(7.105427357601E-14,43.2799999999999,285.289));
#4647=CARTESIAN_POINT('',(0.,43.28,0.000200000000072365));
#4648=CARTESIAN_POINT('',(162.4,43.2799999999999,285.289));
#4649=CARTESIAN_POINT('',(7.105427357601E-14,43.2799999999999,285.289));
#4650=CARTESIAN_POINT('',(162.4,43.2799999999999,285.289));
#4651=CARTESIAN_POINT('Origin',(83.5855619205021,37.7799999999999,278.392326101892));
#4652=CARTESIAN_POINT('',(90.5189656079711,37.7799999999999,256.271841375681));
#4653=CARTESIAN_POINT('',(83.5855619205021,37.7799999999999,278.392326101892));
#4654=CARTESIAN_POINT('',(90.5189656079711,37.7799999999999,256.271841375681));
#4655=CARTESIAN_POINT('',(83.5855619205021,37.7799999999999,278.392326101892));
#4656=CARTESIAN_POINT('',(90.5189656079711,40.2799999999999,256.271841375681));
#4657=CARTESIAN_POINT('Origin',(81.2000000000001,37.7799999999999,277.6446));
#4658=CARTESIAN_POINT('',(78.8144380794981,37.7799999999999,278.392326101892));
#4659=CARTESIAN_POINT('Origin',(81.2000000000001,37.7799999999999,277.6446));
#4660=CARTESIAN_POINT('',(78.8144380794981,37.7799999999999,278.392326101892));
#4661=CARTESIAN_POINT('Origin',(71.6606081287544,37.7799999999999,255.644600454469));
#4662=CARTESIAN_POINT('',(71.6606081287544,37.7799999999999,255.644600454469));
#4663=CARTESIAN_POINT('',(78.8144380794981,37.7799999999999,278.392326101892));
#4664=CARTESIAN_POINT('',(71.6606081287544,40.28,255.644600454469));
#4665=CARTESIAN_POINT('Origin',(81.2000000000001,40.28,252.6446));
#4666=CARTESIAN_POINT('Origin',(81.2000000000001,37.7799999999999,252.6446));
#4667=CARTESIAN_POINT('Origin',(81.2000000000001,37.7799999999999,260.6446));
#4668=CARTESIAN_POINT('Origin',(4.72299999999999,39.78,4.72320000000004));
#4669=CARTESIAN_POINT('',(4.72299999999999,39.78,8.22320000000006));
#4670=CARTESIAN_POINT('Origin',(4.72299999999999,39.78,8.72320000000004));
#4671=CARTESIAN_POINT('Origin',(4.72299999999999,39.78,4.72320000000004));
#4672=CARTESIAN_POINT('Origin',(4.72299999999999,36.28,4.72320000000004));
#4673=CARTESIAN_POINT('',(4.72299999999999,36.28,8.22320000000005));
#4674=CARTESIAN_POINT('',(4.72299999999999,36.28,8.22320000000004));
#4675=CARTESIAN_POINT('Origin',(4.72299999999999,36.28,4.72320000000004));
#4676=CARTESIAN_POINT('Origin',(4.72250000000008,39.7799999999999,280.5665));
#4677=CARTESIAN_POINT('',(4.7225000000001,39.7799999999999,284.0665));
#4678=CARTESIAN_POINT('Origin',(4.72250000000008,39.7799999999999,284.5665));
#4679=CARTESIAN_POINT('Origin',(4.72250000000008,39.7799999999999,280.5665));
#4680=CARTESIAN_POINT('Origin',(4.72250000000008,36.2799999999999,280.5665));
#4681=CARTESIAN_POINT('',(4.7225000000001,36.2799999999999,284.0665));
#4682=CARTESIAN_POINT('',(4.72250000000008,36.2799999999999,284.0665));
#4683=CARTESIAN_POINT('Origin',(4.72250000000008,36.2799999999999,280.5665));
#4684=CARTESIAN_POINT('Origin',(157.6775,39.7799999999999,280.5665));
#4685=CARTESIAN_POINT('',(157.6775,39.7799999999999,284.0665));
#4686=CARTESIAN_POINT('Origin',(157.6775,39.7799999999999,284.5665));
#4687=CARTESIAN_POINT('Origin',(157.6775,39.7799999999999,280.5665));
#4688=CARTESIAN_POINT('Origin',(157.6775,36.2799999999999,280.5665));
#4689=CARTESIAN_POINT('',(157.6775,36.2799999999999,284.0665));
#4690=CARTESIAN_POINT('',(157.6775,36.2799999999999,284.0665));
#4691=CARTESIAN_POINT('Origin',(157.6775,36.2799999999999,280.5665));
#4692=CARTESIAN_POINT('Origin',(157.677,39.78,4.72320000000004));
#4693=CARTESIAN_POINT('',(157.677,39.78,8.22320000000006));
#4694=CARTESIAN_POINT('Origin',(157.677,39.78,8.72320000000004));
#4695=CARTESIAN_POINT('Origin',(157.677,39.78,4.72320000000004));
#4696=CARTESIAN_POINT('Origin',(157.677,36.28,4.72320000000004));
#4697=CARTESIAN_POINT('',(157.677,36.28,8.22320000000005));
#4698=CARTESIAN_POINT('',(157.677,36.28,8.22320000000004));
#4699=CARTESIAN_POINT('Origin',(157.677,36.28,4.72320000000004));
#4700=CARTESIAN_POINT('Origin',(81.2000000000001,36.28,142.6446));
#4701=CARTESIAN_POINT('',(10.0000000000001,36.2799999999999,275.289));
#4702=CARTESIAN_POINT('',(10.,36.28,9.44520000000005));
#4703=CARTESIAN_POINT('',(10.,36.28,31.4452));
#4704=CARTESIAN_POINT('',(152.4,36.28,9.44519999999997));
#4705=CARTESIAN_POINT('',(0.,36.28,9.44520000000005));
#4706=CARTESIAN_POINT('',(152.4,36.2799999999999,275.289));
#4707=CARTESIAN_POINT('',(152.4,36.28,99.90615));
#4708=CARTESIAN_POINT('',(7.105427357601E-14,36.2799999999999,275.289));
#4709=CARTESIAN_POINT('Origin',(81.2000000000001,36.28,158.3671));
#4710=CARTESIAN_POINT('',(4.72299999999999,36.28,6.67320000000004));
#4711=CARTESIAN_POINT('Origin',(4.72299999999999,36.28,4.72320000000004));
#4712=CARTESIAN_POINT('Origin',(81.2000000000001,36.28,158.3671));
#4713=CARTESIAN_POINT('',(157.6775,36.2799999999999,282.5165));
#4714=CARTESIAN_POINT('Origin',(157.6775,36.2799999999999,280.5665));
#4715=CARTESIAN_POINT('Origin',(81.2000000000001,36.28,158.3671));
#4716=CARTESIAN_POINT('',(157.677,36.28,6.67320000000004));
#4717=CARTESIAN_POINT('Origin',(157.677,36.28,4.72320000000004));
#4718=CARTESIAN_POINT('Origin',(81.2000000000001,36.28,158.3671));
#4719=CARTESIAN_POINT('',(4.72250000000008,36.2799999999999,282.5165));
#4720=CARTESIAN_POINT('Origin',(4.72250000000008,36.2799999999999,280.5665));
#4721=CARTESIAN_POINT('Origin',(4.72299999999999,7.93,4.72320000000003));
#4722=CARTESIAN_POINT('',(4.72299999999999,21.28,6.67320000000004));
#4723=CARTESIAN_POINT('Origin',(4.72299999999999,21.28,4.72320000000004));
#4724=CARTESIAN_POINT('',(4.72299999999999,7.93,6.67320000000004));
#4725=CARTESIAN_POINT('Origin',(157.677,7.93,4.72320000000003));
#4726=CARTESIAN_POINT('',(157.677,21.28,6.67320000000004));
#4727=CARTESIAN_POINT('Origin',(157.677,21.28,4.72320000000004));
#4728=CARTESIAN_POINT('',(157.677,7.93,6.67320000000004));
#4729=CARTESIAN_POINT('Origin',(103.013679077619,34.28,7.00019999999995));
#4730=CARTESIAN_POINT('',(32.6476706358647,32.5416171307793,9.44520000000005));
#4731=CARTESIAN_POINT('',(79.0848372833072,32.5416171307793,9.44519999999997));
#4732=CARTESIAN_POINT('',(103.013679077619,32.5416171307793,9.44519999999997));
#4733=CARTESIAN_POINT('',(35.3235105779451,31.28,7.00020000000003));
#4734=CARTESIAN_POINT('Ctrl Pts',(32.6476706358647,32.5416171307793,9.44519999999997));
#4735=CARTESIAN_POINT('Ctrl Pts',(32.9369519048934,32.3532911448225,9.31130115835726));
#4736=CARTESIAN_POINT('Ctrl Pts',(33.2152113742783,32.1789163014689,9.15415685971383));
#4737=CARTESIAN_POINT('Ctrl Pts',(33.813051103922,31.8260425925368,8.75219593200591));
#4738=CARTESIAN_POINT('Ctrl Pts',(34.1671441343087,31.6342063668885,8.4609763115418));
#4739=CARTESIAN_POINT('Ctrl Pts',(34.8091186936281,31.360514582468,7.78167012640154));
#4740=CARTESIAN_POINT('Ctrl Pts',(35.0968072122535,31.28,7.3928617476247));
#4741=CARTESIAN_POINT('Ctrl Pts',(35.3235105779451,31.28,7.00019999999998));
#4742=CARTESIAN_POINT('',(74.1273581552384,31.28,7.00019999999995));
#4743=CARTESIAN_POINT('',(103.013679077619,31.28,7.00019999999995));
#4744=CARTESIAN_POINT('Ctrl Pts',(74.1273581552384,31.28,7.0002));
#4745=CARTESIAN_POINT('Ctrl Pts',(74.7813969427437,31.28,7.49072909062891));
#4746=CARTESIAN_POINT('Ctrl Pts',(75.4782572391339,31.3966342524199,7.92946850961649));
#4747=CARTESIAN_POINT('Ctrl Pts',(76.9358081628421,31.7639126396515,8.68739974650297));
#4748=CARTESIAN_POINT('Ctrl Pts',(77.6962289562962,32.016417355783,9.00620765728164));
#4749=CARTESIAN_POINT('Ctrl Pts',(78.6751311667604,32.3821812937967,9.32582331718969));
#4750=CARTESIAN_POINT('Ctrl Pts',(78.8796669031534,32.4608596397744,9.38778182457088));
#4751=CARTESIAN_POINT('Ctrl Pts',(79.0848372833072,32.5416171307794,9.4452));
#4752=CARTESIAN_POINT('Origin',(83.1273581552384,36.28,-4.9998));
#4753=CARTESIAN_POINT('',(79.0848372833072,21.28,9.44519999999997));
#4754=CARTESIAN_POINT('',(79.0848372833072,36.28,9.44519999999997));
#4755=CARTESIAN_POINT('',(71.1273581552385,31.28,4.00020000000005));
#4756=CARTESIAN_POINT('Origin',(83.1273581552384,31.28,-4.9998));
#4757=CARTESIAN_POINT('',(71.1273581552385,21.28,4.00020000000005));
#4758=CARTESIAN_POINT('',(71.1273581552385,36.28,4.00020000000006));
#4759=CARTESIAN_POINT('Origin',(83.1273581552384,21.28,-4.9998));
#4760=CARTESIAN_POINT('Origin',(17.4225,23.28,3.42270000000007));
#4761=CARTESIAN_POINT('',(19.4928849279783,30.28,0.000199999999996869));
#4762=CARTESIAN_POINT('',(15.3521150720217,30.28,0.000199999999996869));
#4763=CARTESIAN_POINT('Origin',(17.4225,30.28,3.42270000000007));
#4764=CARTESIAN_POINT('',(19.4928849279783,26.53,0.000199999999996869));
#4765=CARTESIAN_POINT('',(19.4928849279784,23.28,0.000200000000067924));
#4766=CARTESIAN_POINT('',(13.4225000000001,26.53,3.42270000000007));
#4767=CARTESIAN_POINT('Origin',(17.4225,26.53,3.42270000000007));
#4768=CARTESIAN_POINT('',(15.3521150720217,26.53,0.000199999999996869));
#4769=CARTESIAN_POINT('Origin',(17.4225,26.53,3.42270000000007));
#4770=CARTESIAN_POINT('',(15.3521150720217,23.28,0.000200000000067924));
#4771=CARTESIAN_POINT('Origin',(40.4225,23.28,3.42270000000007));
#4772=CARTESIAN_POINT('',(44.4001241338267,26.53,3.00020000000004));
#4773=CARTESIAN_POINT('',(44.4001241338267,30.28,3.00020000000004));
#4774=CARTESIAN_POINT('',(44.4001241338267,23.28,3.00020000000004));
#4775=CARTESIAN_POINT('',(42.4928849279784,30.28,0.000199999999996869));
#4776=CARTESIAN_POINT('Origin',(40.4225,30.28,3.42270000000007));
#4777=CARTESIAN_POINT('',(42.4928849279784,26.53,0.000199999999996869));
#4778=CARTESIAN_POINT('',(42.4928849279784,23.28,0.000199999999996869));
#4779=CARTESIAN_POINT('Origin',(40.4225,26.53,3.42270000000007));
#4780=CARTESIAN_POINT('Origin',(30.1273581552385,28.78,4.00019999999998));
#4781=CARTESIAN_POINT('',(32.6476706358646,26.53,9.44520000000005));
#4782=CARTESIAN_POINT('',(32.6476706358646,28.78,9.44520000000005));
#4783=CARTESIAN_POINT('',(36.1273581552385,26.53,4.00020000000005));
#4784=CARTESIAN_POINT('Origin',(30.1273581552385,26.53,4.00019999999998));
#4785=CARTESIAN_POINT('',(36.1273581552385,31.28,4.00020000000005));
#4786=CARTESIAN_POINT('',(36.1273581552385,36.28,4.00020000000006));
#4787=CARTESIAN_POINT('Origin',(30.1273581552385,31.28,4.00019999999998));
#4788=CARTESIAN_POINT('Origin',(17.4225,30.28,3.42270000000007));
#4789=CARTESIAN_POINT('',(89.91125,30.28,0.000199999999996869));
#4790=CARTESIAN_POINT('Origin',(13.4225000000001,26.53,-0.0772999999999469));
#4791=CARTESIAN_POINT('',(13.4225000000001,26.53,0.000199999999996869));
#4792=CARTESIAN_POINT('',(13.4225000000001,26.53,4.96145000000006));
#4793=CARTESIAN_POINT('',(87.9112500000001,26.53,0.000199999999996869));
#4794=CARTESIAN_POINT('Origin',(44.4225,26.03,-0.0772999999999469));
#4795=CARTESIAN_POINT('',(44.4225,21.28,2.00020000000003));
#4796=CARTESIAN_POINT('',(44.4225,26.53,2.00020000000003));
#4797=CARTESIAN_POINT('',(44.4225,31.155,2.00020000000003));
#4798=CARTESIAN_POINT('',(44.4225,26.53,0.000199999999996869));
#4799=CARTESIAN_POINT('',(44.4225,26.53,-0.0772999999999469));
#4800=CARTESIAN_POINT('',(44.4225,21.28,0.000199999999996869));
#4801=CARTESIAN_POINT('',(44.4225,23.655,0.000199999999996869));
#4802=CARTESIAN_POINT('',(44.4225,21.28,79.1449000000001));
#4803=CARTESIAN_POINT('Origin',(46.4225,31.155,2.00020000000003));
#4804=CARTESIAN_POINT('',(44.6904491924312,26.53,3.00020000000004));
#4805=CARTESIAN_POINT('',(44.6904491924312,21.28,3.00020000000004));
#4806=CARTESIAN_POINT('',(44.6904491924312,31.155,3.00020000000004));
#4807=CARTESIAN_POINT('Origin',(46.4225,26.53,2.00020000000003));
#4808=CARTESIAN_POINT('Origin',(46.4225,21.28,2.00020000000003));
#4809=CARTESIAN_POINT('Origin',(71.1273581552385,21.28,4.00020000000005));
#4810=CARTESIAN_POINT('',(71.1273581552385,31.28,3.00020000000004));
#4811=CARTESIAN_POINT('',(71.1273581552385,31.28,4.00020000000005));
#4812=CARTESIAN_POINT('',(71.1273581552385,21.28,3.00020000000004));
#4813=CARTESIAN_POINT('',(71.1273581552385,36.28,3.00020000000004));
#4814=CARTESIAN_POINT('',(71.1273581552385,21.28,81.18365));
#4815=CARTESIAN_POINT('Origin',(53.6273581552385,31.28,7.00020000000003));
#4816=CARTESIAN_POINT('',(36.1273581552385,31.28,3.00020000000004));
#4817=CARTESIAN_POINT('',(36.1273581552385,31.28,4.00020000000005));
#4818=CARTESIAN_POINT('',(52.3773581552385,31.28,3.00020000000004));
#4819=CARTESIAN_POINT('Origin',(36.1273581552385,31.28,4.00020000000005));
#4820=CARTESIAN_POINT('',(36.1273581552385,26.53,3.00020000000004));
#4821=CARTESIAN_POINT('',(36.1273581552385,26.53,1.96145000000009));
#4822=CARTESIAN_POINT('',(36.1273581552385,36.28,3.00020000000004));
#4823=CARTESIAN_POINT('Origin',(13.4225000000001,26.53,-0.0772999999999469));
#4824=CARTESIAN_POINT('',(13.4225000000001,26.53,9.44520000000005));
#4825=CARTESIAN_POINT('',(6.71125000000004,26.53,9.44520000000005));
#4826=CARTESIAN_POINT('',(13.4225000000001,26.53,4.96145000000006));
#4827=CARTESIAN_POINT('',(38.3521150720217,26.53,0.000199999999996869));
#4828=CARTESIAN_POINT('',(87.9112500000001,26.53,0.000199999999996869));
#4829=CARTESIAN_POINT('',(36.4448758661734,26.53,3.00020000000004));
#4830=CARTESIAN_POINT('Origin',(40.4225,26.53,3.42270000000007));
#4831=CARTESIAN_POINT('',(32.2749290776193,26.53,3.00020000000004));
#4832=CARTESIAN_POINT('Origin',(40.4225,23.28,3.42270000000007));
#4833=CARTESIAN_POINT('',(36.4448758661734,30.28,3.00020000000004));
#4834=CARTESIAN_POINT('',(36.4448758661734,23.28,3.00020000000004));
#4835=CARTESIAN_POINT('',(38.3521150720217,30.28,0.000199999999996869));
#4836=CARTESIAN_POINT('',(38.3521150720217,23.28,0.000200000000067924));
#4837=CARTESIAN_POINT('Origin',(40.4225,30.28,3.42270000000007));
#4838=CARTESIAN_POINT('Origin',(40.4225,30.28,3.42270000000007));
#4839=CARTESIAN_POINT('',(45.7749290776193,30.28,3.00020000000004));
#4840=CARTESIAN_POINT('',(101.41125,30.28,0.000199999999996869));
#4841=CARTESIAN_POINT('Origin',(13.4225000000001,26.53,-0.0772999999999469));
#4842=CARTESIAN_POINT('',(87.9112500000001,26.53,0.000199999999996869));
#4843=CARTESIAN_POINT('',(32.2749290776193,26.53,3.00020000000004));
#4844=CARTESIAN_POINT('Origin',(51.1273581552385,36.28,3.00020000000004));
#4845=CARTESIAN_POINT('',(66.1636790776192,21.28,3.00020000000004));
#4846=CARTESIAN_POINT('Origin',(13.4225000000001,21.28,10.0002));
#4847=CARTESIAN_POINT('',(13.4225000000001,21.28,9.44520000000005));
#4848=CARTESIAN_POINT('',(13.4225000000001,21.28,9.44520000000005));
#4849=CARTESIAN_POINT('',(13.4225000000001,21.28,0.000199999999996869));
#4850=CARTESIAN_POINT('',(13.4225000000001,21.28,84.18365));
#4851=CARTESIAN_POINT('',(13.4225000000001,21.28,0.000200000000067924));
#4852=CARTESIAN_POINT('Origin',(81.2000000000001,21.28,158.3671));
#4853=CARTESIAN_POINT('',(162.4,21.28,0.000199999999996869));
#4854=CARTESIAN_POINT('',(0.,21.28,0.000200000000067924));
#4855=CARTESIAN_POINT('',(162.4,21.2799999999999,285.289));
#4856=CARTESIAN_POINT('',(162.4,21.2799999999999,285.289));
#4857=CARTESIAN_POINT('',(7.105427357601E-14,21.2799999999999,285.289));
#4858=CARTESIAN_POINT('',(162.4,21.2799999999999,285.289));
#4859=CARTESIAN_POINT('',(0.,21.28,0.000200000000067924));
#4860=CARTESIAN_POINT('',(1.77635683940025E-14,21.28,31.4452));
#4861=CARTESIAN_POINT('',(0.,21.28,0.000200000000067924));
#4862=CARTESIAN_POINT('',(10.,21.28,9.44520000000005));
#4863=CARTESIAN_POINT('',(0.,21.28,9.44520000000005));
#4864=CARTESIAN_POINT('',(10.0000000000001,21.2799999999999,275.289));
#4865=CARTESIAN_POINT('',(10.,21.28,31.4452));
#4866=CARTESIAN_POINT('',(152.4,21.2799999999999,275.289));
#4867=CARTESIAN_POINT('',(7.105427357601E-14,21.2799999999999,275.289));
#4868=CARTESIAN_POINT('',(152.4,21.28,9.44519999999997));
#4869=CARTESIAN_POINT('',(152.4,21.28,31.4452));
#4870=CARTESIAN_POINT('',(0.,21.28,9.44520000000005));
#4871=CARTESIAN_POINT('',(4.72250000000008,21.2799999999999,276.3165));
#4872=CARTESIAN_POINT('Origin',(4.72250000000008,21.2799999999999,280.5665));
#4873=CARTESIAN_POINT('',(157.6775,21.28,31.9195999999999));
#4874=CARTESIAN_POINT('Origin',(157.6775,21.28,36.1695999999999));
#4875=CARTESIAN_POINT('',(157.6775,21.2799999999999,276.3165));
#4876=CARTESIAN_POINT('Origin',(157.6775,21.2799999999999,280.5665));
#4877=CARTESIAN_POINT('',(4.72250000000004,21.28,31.9215));
#4878=CARTESIAN_POINT('Origin',(4.72250000000004,21.28,36.1714999999999));
#4879=CARTESIAN_POINT('Origin',(119.65,28.78,1.75020000000004));
#4880=CARTESIAN_POINT('',(118.875,28.78,1.75020000000004));
#4881=CARTESIAN_POINT('Origin',(119.65,28.78,1.75020000000004));
#4882=CARTESIAN_POINT('',(118.875,28.78,9.44519999999997));
#4883=CARTESIAN_POINT('',(118.875,28.78,1.75020000000004));
#4884=CARTESIAN_POINT('Origin',(119.65,28.78,9.44519999999997));
#4885=CARTESIAN_POINT('Origin',(105.15,28.78,1.75020000000004));
#4886=CARTESIAN_POINT('',(104.375,28.78,1.75020000000004));
#4887=CARTESIAN_POINT('Origin',(105.15,28.78,1.75020000000004));
#4888=CARTESIAN_POINT('',(104.375,28.78,9.44519999999997));
#4889=CARTESIAN_POINT('',(104.375,28.78,1.75020000000004));
#4890=CARTESIAN_POINT('Origin',(105.15,28.78,9.44519999999997));
#4891=CARTESIAN_POINT('Origin',(118.45,30.93,1.75020000000004));
#4892=CARTESIAN_POINT('',(106.35,30.93,9.44519999999997));
#4893=CARTESIAN_POINT('',(118.45,30.93,9.44519999999997));
#4894=CARTESIAN_POINT('',(59.225,30.93,9.44519999999997));
#4895=CARTESIAN_POINT('',(106.35,30.93,1.75020000000004));
#4896=CARTESIAN_POINT('',(106.35,30.93,1.75020000000004));
#4897=CARTESIAN_POINT('',(118.45,30.93,1.75020000000004));
#4898=CARTESIAN_POINT('',(115.425,30.93,1.75020000000004));
#4899=CARTESIAN_POINT('',(118.45,30.93,1.75020000000004));
#4900=CARTESIAN_POINT('Origin',(118.45,26.63,1.75020000000004));
#4901=CARTESIAN_POINT('',(118.45,26.63,9.44519999999997));
#4902=CARTESIAN_POINT('',(118.45,23.955,9.44519999999997));
#4903=CARTESIAN_POINT('',(118.45,26.63,1.75020000000004));
#4904=CARTESIAN_POINT('',(118.45,27.705,1.75020000000004));
#4905=CARTESIAN_POINT('',(118.45,26.63,1.75020000000004));
#4906=CARTESIAN_POINT('Origin',(106.35,26.63,1.75020000000004));
#4907=CARTESIAN_POINT('',(106.35,26.63,9.44519999999997));
#4908=CARTESIAN_POINT('',(53.175,26.63,9.44519999999997));
#4909=CARTESIAN_POINT('',(106.35,26.63,1.75020000000004));
#4910=CARTESIAN_POINT('',(109.375,26.63,1.75020000000004));
#4911=CARTESIAN_POINT('',(106.35,26.63,1.75020000000004));
#4912=CARTESIAN_POINT('Origin',(106.35,30.93,1.75020000000004));
#4913=CARTESIAN_POINT('',(106.35,26.105,9.44519999999997));
#4914=CARTESIAN_POINT('',(106.35,29.855,1.75020000000004));
#4915=CARTESIAN_POINT('Origin',(122.75,32.18,0.000199999999996869));
#4916=CARTESIAN_POINT('',(122.75,32.18,0.000199999999996869));
#4917=CARTESIAN_POINT('',(102.05,32.18,0.000199999999996869));
#4918=CARTESIAN_POINT('',(142.575,32.18,0.000199999999996869));
#4919=CARTESIAN_POINT('',(122.75,32.18,1.75020000000004));
#4920=CARTESIAN_POINT('',(122.75,32.18,0.000199999999996869));
#4921=CARTESIAN_POINT('',(102.05,32.18,1.75020000000004));
#4922=CARTESIAN_POINT('',(102.05,32.18,1.75020000000004));
#4923=CARTESIAN_POINT('',(102.05,32.18,0.000199999999996869));
#4924=CARTESIAN_POINT('Origin',(122.75,25.38,0.000199999999996869));
#4925=CARTESIAN_POINT('',(122.75,25.38,0.000199999999996869));
#4926=CARTESIAN_POINT('',(122.75,23.33,0.000199999999996869));
#4927=CARTESIAN_POINT('',(122.75,25.38,1.75020000000004));
#4928=CARTESIAN_POINT('',(122.75,25.38,0.000199999999996869));
#4929=CARTESIAN_POINT('',(122.75,32.18,1.75020000000004));
#4930=CARTESIAN_POINT('Origin',(102.05,25.38,0.000199999999996869));
#4931=CARTESIAN_POINT('',(102.05,25.38,0.000199999999996869));
#4932=CARTESIAN_POINT('',(132.225,25.38,0.000199999999996869));
#4933=CARTESIAN_POINT('',(102.05,25.38,1.75020000000004));
#4934=CARTESIAN_POINT('',(102.05,25.38,0.000199999999996869));
#4935=CARTESIAN_POINT('',(122.75,25.38,1.75020000000004));
#4936=CARTESIAN_POINT('Origin',(102.05,32.18,0.000199999999996869));
#4937=CARTESIAN_POINT('',(102.05,26.73,0.000199999999996869));
#4938=CARTESIAN_POINT('',(102.05,25.38,1.75020000000004));
#4939=CARTESIAN_POINT('Origin',(112.4,28.78,1.75020000000004));
#4940=CARTESIAN_POINT('Origin',(162.4,21.28,0.000199999999996869));
#4941=CARTESIAN_POINT('',(0.,21.28,0.000200000000067924));
#4942=CARTESIAN_POINT('',(162.4,36.28,0.00020000000000131));
#4943=CARTESIAN_POINT('Origin',(157.6775,27.28,36.1695999999999));
#4944=CARTESIAN_POINT('',(157.6775,27.28,32.9196));
#4945=CARTESIAN_POINT('Origin',(157.6775,27.28,36.1695999999999));
#4946=CARTESIAN_POINT('Origin',(4.72250000000004,27.28,36.1715));
#4947=CARTESIAN_POINT('',(4.72250000000004,27.28,32.9215));
#4948=CARTESIAN_POINT('Origin',(4.72250000000004,27.28,36.1715));
#4949=CARTESIAN_POINT('Origin',(4.72250000000008,27.2799999999999,280.5665));
#4950=CARTESIAN_POINT('',(4.72250000000008,27.2799999999999,277.3165));
#4951=CARTESIAN_POINT('Origin',(4.72250000000008,27.2799999999999,280.5665));
#4952=CARTESIAN_POINT('',(4.72250000000008,27.2799999999999,282.5165));
#4953=CARTESIAN_POINT('Origin',(4.72250000000008,27.2799999999999,280.5665));
#4954=CARTESIAN_POINT('Origin',(157.6775,27.2799999999999,280.5665));
#4955=CARTESIAN_POINT('',(157.6775,27.2799999999999,277.3165));
#4956=CARTESIAN_POINT('Origin',(157.6775,27.2799999999999,280.5665));
#4957=CARTESIAN_POINT('',(157.6775,27.2799999999999,282.5165));
#4958=CARTESIAN_POINT('Origin',(157.6775,27.2799999999999,280.5665));
#4959=CARTESIAN_POINT('Origin',(4.72250000000008,21.2799999999999,280.5665));
#4960=CARTESIAN_POINT('',(4.72250000000008,22.2799999999999,277.3165));
#4961=CARTESIAN_POINT('Origin',(4.72250000000008,22.2799999999999,280.5665));
#4962=CARTESIAN_POINT('',(4.72250000000008,21.2799999999999,277.3165));
#4963=CARTESIAN_POINT('Origin',(157.6775,21.28,36.1695999999999));
#4964=CARTESIAN_POINT('',(157.6775,22.28,32.9196));
#4965=CARTESIAN_POINT('Origin',(157.6775,22.28,36.1695999999999));
#4966=CARTESIAN_POINT('',(157.6775,21.28,32.9195999999999));
#4967=CARTESIAN_POINT('Origin',(157.6775,21.2799999999999,280.5665));
#4968=CARTESIAN_POINT('',(157.6775,22.2799999999999,277.3165));
#4969=CARTESIAN_POINT('Origin',(157.6775,22.2799999999999,280.5665));
#4970=CARTESIAN_POINT('',(157.6775,21.2799999999999,277.3165));
#4971=CARTESIAN_POINT('Origin',(4.72250000000004,21.28,36.1714999999999));
#4972=CARTESIAN_POINT('',(4.72250000000004,22.28,32.9215));
#4973=CARTESIAN_POINT('Origin',(4.72250000000004,22.28,36.1714999999999));
#4974=CARTESIAN_POINT('',(4.72250000000004,21.28,32.9215));
#4975=CARTESIAN_POINT('Origin',(4.72250000000008,21.2799999999999,280.5665));
#4976=CARTESIAN_POINT('',(4.72250000000008,21.2799999999999,282.5165));
#4977=CARTESIAN_POINT('Origin',(157.6775,21.2799999999999,280.5665));
#4978=CARTESIAN_POINT('',(157.6775,21.2799999999999,282.5165));
#4979=CARTESIAN_POINT('Origin',(10.0000000000001,21.2799999999999,275.289));
#4980=CARTESIAN_POINT('',(10.,21.28,9.44520000000005));
#4981=CARTESIAN_POINT('',(10.0000000000001,21.2799999999999,275.289));
#4982=CARTESIAN_POINT('Origin',(0.,21.28,9.44520000000005));
#4983=CARTESIAN_POINT('',(152.4,21.28,9.44519999999997));
#4984=CARTESIAN_POINT('Origin',(152.4,21.28,41.4452));
#4985=CARTESIAN_POINT('',(152.4,21.2799999999999,275.289));
#4986=CARTESIAN_POINT('Origin',(4.72250000000008,22.2799999999999,280.5665));
#4987=CARTESIAN_POINT('Origin',(4.72250000000008,22.2799999999999,276.3165));
#4988=CARTESIAN_POINT('Origin',(157.6775,22.28,36.1695999999999));
#4989=CARTESIAN_POINT('Origin',(157.6775,22.28,31.9195999999999));
#4990=CARTESIAN_POINT('Origin',(157.6775,22.2799999999999,280.5665));
#4991=CARTESIAN_POINT('Origin',(157.6775,22.2799999999999,276.3165));
#4992=CARTESIAN_POINT('Origin',(4.72250000000004,22.28,36.1714999999999));
#4993=CARTESIAN_POINT('Origin',(4.72250000000004,22.28,31.9215));
#4994=CARTESIAN_POINT('Origin',(152.4,21.2799999999999,275.289));
#4995=CARTESIAN_POINT('Origin',(1.77635683940025E-14,21.28,31.4452));
#4996=CARTESIAN_POINT('',(7.105427357601E-14,21.2799999999999,285.289));
#4997=CARTESIAN_POINT('Origin',(162.4,21.2799999999999,285.289));
#4998=CARTESIAN_POINT('',(162.4,21.2799999999999,285.289));
#4999=CARTESIAN_POINT('Origin',(7.105427357601E-14,21.2799999999999,285.289));
#5000=CARTESIAN_POINT('Origin',(157.6775,12.9299999999999,280.5665));
#5001=CARTESIAN_POINT('',(157.6775,12.9299999999999,282.6915));
#5002=CARTESIAN_POINT('Origin',(157.6775,12.9299999999999,280.5665));
#5003=CARTESIAN_POINT('',(157.6775,11.9299999999999,282.6915));
#5004=CARTESIAN_POINT('',(157.6775,12.9299999999999,282.6915));
#5005=CARTESIAN_POINT('Origin',(157.6775,11.9299999999999,280.5665));
#5006=CARTESIAN_POINT('Origin',(157.6775,11.9299999999999,280.5665));
#5007=CARTESIAN_POINT('',(157.6775,11.9299999999999,278.6165));
#5008=CARTESIAN_POINT('Origin',(157.6775,11.9299999999999,280.5665));
#5009=CARTESIAN_POINT('Origin',(4.72250000000008,12.9299999999999,280.5665));
#5010=CARTESIAN_POINT('',(4.7225000000001,12.9299999999999,282.6915));
#5011=CARTESIAN_POINT('Origin',(4.72250000000008,12.9299999999999,280.5665));
#5012=CARTESIAN_POINT('',(4.7225000000001,11.9299999999999,282.6915));
#5013=CARTESIAN_POINT('',(4.72250000000008,12.9299999999999,282.6915));
#5014=CARTESIAN_POINT('Origin',(4.72250000000008,11.9299999999999,280.5665));
#5015=CARTESIAN_POINT('Origin',(4.72250000000008,11.9299999999999,280.5665));
#5016=CARTESIAN_POINT('',(4.72250000000008,11.9299999999999,278.6165));
#5017=CARTESIAN_POINT('Origin',(4.72250000000008,11.9299999999999,280.5665));
#5018=CARTESIAN_POINT('Origin',(157.677,12.93,4.72320000000004));
#5019=CARTESIAN_POINT('',(157.677,12.93,6.84820000000002));
#5020=CARTESIAN_POINT('Origin',(157.677,12.93,4.72320000000004));
#5021=CARTESIAN_POINT('',(157.677,11.93,6.84820000000002));
#5022=CARTESIAN_POINT('',(157.677,12.93,6.84820000000004));
#5023=CARTESIAN_POINT('Origin',(157.677,11.93,4.72320000000004));
#5024=CARTESIAN_POINT('Origin',(157.677,11.93,4.72320000000004));
#5025=CARTESIAN_POINT('',(157.677,11.93,6.67320000000004));
#5026=CARTESIAN_POINT('Origin',(157.677,11.93,4.72320000000004));
#5027=CARTESIAN_POINT('Origin',(4.72299999999999,12.93,4.72320000000004));
#5028=CARTESIAN_POINT('',(4.72299999999999,12.93,6.84820000000002));
#5029=CARTESIAN_POINT('Origin',(4.72299999999999,12.93,4.72320000000004));
#5030=CARTESIAN_POINT('',(4.72299999999999,11.93,6.84820000000002));
#5031=CARTESIAN_POINT('',(4.72299999999999,12.93,6.84820000000004));
#5032=CARTESIAN_POINT('Origin',(4.72299999999999,11.93,4.72320000000004));
#5033=CARTESIAN_POINT('Origin',(4.72299999999999,11.93,4.72320000000004));
#5034=CARTESIAN_POINT('',(4.72299999999999,11.93,6.67320000000004));
#5035=CARTESIAN_POINT('Origin',(4.72299999999999,11.93,4.72320000000004));
#5036=CARTESIAN_POINT('Origin',(93.9000000000001,7.92999999999996,158.369));
#5037=CARTESIAN_POINT('',(4.72250000000008,7.92999999999993,278.6165));
#5038=CARTESIAN_POINT('Origin',(4.72250000000008,7.92999999999993,280.5665));
#5039=CARTESIAN_POINT('Origin',(93.9000000000001,7.92999999999996,158.369));
#5040=CARTESIAN_POINT('',(157.6775,7.92999999999993,278.6165));
#5041=CARTESIAN_POINT('Origin',(157.6775,7.92999999999993,280.5665));
#5042=CARTESIAN_POINT('Origin',(157.677,12.93,4.72320000000004));
#5043=CARTESIAN_POINT('',(157.677,7.92999999999999,6.67320000000004));
#5044=CARTESIAN_POINT('',(157.677,12.93,6.67320000000004));
#5045=CARTESIAN_POINT('Origin',(157.677,7.93,4.72320000000003));
#5046=CARTESIAN_POINT('Origin',(151.7485,2.53999999999993,274.574));
#5047=CARTESIAN_POINT('',(151.7485,2.53999999999993,274.574));
#5048=CARTESIAN_POINT('',(151.7485,-6.21724893790088E-14,274.574));
#5049=CARTESIAN_POINT('',(151.7485,2.53999999999993,274.574));
#5050=CARTESIAN_POINT('',(151.7485,2.53999999999999,42.164));
#5051=CARTESIAN_POINT('',(151.7485,2.53999999999999,42.164));
#5052=CARTESIAN_POINT('',(151.7485,-8.88178419700125E-15,42.164));
#5053=CARTESIAN_POINT('',(151.7485,2.53999999999999,42.164));
#5054=CARTESIAN_POINT('',(151.7485,-8.88178419700125E-15,42.164));
#5055=CARTESIAN_POINT('Origin',(10.6515000000001,2.53999999999993,274.574));
#5056=CARTESIAN_POINT('',(10.6515000000001,2.53999999999993,274.574));
#5057=CARTESIAN_POINT('',(10.6515000000001,-6.21724893790088E-14,274.574));
#5058=CARTESIAN_POINT('',(10.6515000000001,2.53999999999993,274.574));
#5059=CARTESIAN_POINT('',(151.7485,2.53999999999993,274.574));
#5060=CARTESIAN_POINT('',(151.7485,-6.21724893790088E-14,274.574));
#5061=CARTESIAN_POINT('Origin',(10.6515,2.53999999999999,42.164));
#5062=CARTESIAN_POINT('',(10.6515,2.53999999999999,42.164));
#5063=CARTESIAN_POINT('',(10.6515000000001,-8.88178419700125E-15,42.164));
#5064=CARTESIAN_POINT('',(10.6515,2.53999999999999,42.164));
#5065=CARTESIAN_POINT('',(10.6515000000001,2.53999999999993,274.574));
#5066=CARTESIAN_POINT('',(10.6515000000001,-6.21724893790088E-14,274.574));
#5067=CARTESIAN_POINT('Origin',(151.7485,2.53999999999999,42.164));
#5068=CARTESIAN_POINT('',(10.6515,2.53999999999999,42.164));
#5069=CARTESIAN_POINT('',(10.6515,-8.88178419700125E-15,42.164));
#5070=CARTESIAN_POINT('Origin',(81.2000000000001,2.53999999999996,158.3671));
#5071=CARTESIAN_POINT('',(152.955,2.53999999999999,40.894));
#5072=CARTESIAN_POINT('',(9.44500000000003,2.53999999999999,40.894));
#5073=CARTESIAN_POINT('',(136.1275,2.53999999999999,40.894));
#5074=CARTESIAN_POINT('',(9.4450000000001,2.53999999999993,275.844));
#5075=CARTESIAN_POINT('',(9.44500000000007,2.53999999999997,99.6315));
#5076=CARTESIAN_POINT('',(152.955,2.53999999999993,275.844));
#5077=CARTESIAN_POINT('',(51.6725000000001,2.53999999999993,275.844));
#5078=CARTESIAN_POINT('',(152.955,2.53999999999994,217.1065));
#5079=CARTESIAN_POINT('Origin',(86.9306000000001,5.08,4.44499999999998));
#5080=CARTESIAN_POINT('',(86.9306000000001,0.,0.000199999999992428));
#5081=CARTESIAN_POINT('',(86.9306000000001,5.08,0.000199999999992428));
#5082=CARTESIAN_POINT('',(86.9306000000001,5.08,0.000199999999992428));
#5083=CARTESIAN_POINT('',(86.9306000000001,0.,0.));
#5084=CARTESIAN_POINT('',(86.9306000000001,0.,4.44499999999998));
#5085=CARTESIAN_POINT('',(86.9306000000001,5.08,0.));
#5086=CARTESIAN_POINT('',(86.9306000000001,5.08,0.));
#5087=CARTESIAN_POINT('',(86.9306000000001,5.08,4.44499999999998));
#5088=CARTESIAN_POINT('Origin',(81.2000000000001,-3.5527136788005E-14,158.3671));
#5089=CARTESIAN_POINT('',(162.4,-6.21724893790088E-14,285.289));
#5090=CARTESIAN_POINT('',(162.4,0.,0.000199999999992428));
#5091=CARTESIAN_POINT('',(162.4,-8.88178419700125E-15,31.4452));
#5092=CARTESIAN_POINT('',(7.105427357601E-14,-6.21724893790088E-14,285.289));
#5093=CARTESIAN_POINT('',(162.4,-6.21724893790088E-14,285.289));
#5094=CARTESIAN_POINT('',(0.,0.,0.));
#5095=CARTESIAN_POINT('',(7.105427357601E-14,-6.21724893790088E-14,285.289));
#5096=CARTESIAN_POINT('',(0.,0.,0.));
#5097=CARTESIAN_POINT('',(86.9306000000001,0.,0.000199999999992428));
#5098=CARTESIAN_POINT('Origin',(0.,5.08,0.));
#5099=CARTESIAN_POINT('',(0.,5.08,0.));
#5100=CARTESIAN_POINT('',(0.,5.08,0.));
#5101=CARTESIAN_POINT('',(49.45,5.08,0.));
#5102=CARTESIAN_POINT('Origin',(0.,5.08,4.44500000000005));
#5103=CARTESIAN_POINT('',(0.,5.08,0.000200000000063483));
#5104=CARTESIAN_POINT('',(162.4,5.08,0.000199999999992428));
#5105=CARTESIAN_POINT('',(0.,5.08,4.44500000000005));
#5106=CARTESIAN_POINT('Origin',(93.9000000000001,5.07999999999996,158.369));
#5107=CARTESIAN_POINT('',(86.9306000000001,5.08,9.44900000000004));
#5108=CARTESIAN_POINT('',(0.,5.08,9.44900000000004));
#5109=CARTESIAN_POINT('',(49.45,5.08,9.44900000000004));
#5110=CARTESIAN_POINT('',(86.9306000000001,5.07999999999999,40.894));
#5111=CARTESIAN_POINT('',(86.9306000000001,5.07999999999998,104.203041560965));
#5112=CARTESIAN_POINT('',(132.,5.07999999999999,40.894));
#5113=CARTESIAN_POINT('',(136.1275,5.07999999999999,40.894));
#5114=CARTESIAN_POINT('',(132.,5.07999999999999,31.4452));
#5115=CARTESIAN_POINT('',(132.,5.07999999999998,93.67697734331));
#5116=CARTESIAN_POINT('',(152.68126523766,5.07999999999999,31.4452));
#5117=CARTESIAN_POINT('',(112.95,5.07999999999999,31.4452));
#5118=CARTESIAN_POINT('',(152.68126523766,5.08,9.44519999999997));
#5119=CARTESIAN_POINT('',(152.68126523766,5.07999999999998,91.4071));
#5120=CARTESIAN_POINT('',(0.,5.08,9.44520000000004));
#5121=CARTESIAN_POINT('',(123.29063261883,5.08,9.44519999999997));
#5122=CARTESIAN_POINT('',(7.105427357601E-14,5.07999999999995,218.694));
#5123=CARTESIAN_POINT('Origin',(4.72299999999999,7.93,4.72320000000003));
#5124=CARTESIAN_POINT('',(4.72299999999999,7.92999999999999,6.67320000000004));
#5125=CARTESIAN_POINT('Origin',(4.72299999999999,7.93,4.72320000000003));
#5126=CARTESIAN_POINT('Origin',(157.6775,5.07999999999994,280.5665));
#5127=CARTESIAN_POINT('',(157.6775,5.07999999999994,278.6165));
#5128=CARTESIAN_POINT('Origin',(4.72250000000008,5.07999999999994,280.5665));
#5129=CARTESIAN_POINT('',(4.72250000000008,5.07999999999994,278.6165));
#5130=CARTESIAN_POINT('Origin',(86.9306000000001,5.07999999999999,40.894));
#5131=CARTESIAN_POINT('',(86.9306000000001,12.93,9.44900000000004));
#5132=CARTESIAN_POINT('',(86.9306000000001,5.08,9.44900000000004));
#5133=CARTESIAN_POINT('',(86.9306000000001,12.93,40.894));
#5134=CARTESIAN_POINT('',(86.9306000000001,12.93,104.203041560965));
#5135=CARTESIAN_POINT('',(86.9306000000001,5.07999999999999,40.894));
#5136=CARTESIAN_POINT('Origin',(9.4450000000001,5.07999999999994,275.844));
#5137=CARTESIAN_POINT('',(9.44500000000003,12.93,40.894));
#5138=CARTESIAN_POINT('',(9.44500000000003,5.07999999999999,40.894));
#5139=CARTESIAN_POINT('',(9.44500000000007,12.9299999999999,275.844));
#5140=CARTESIAN_POINT('',(9.44500000000007,12.93,99.6315));
#5141=CARTESIAN_POINT('',(9.4450000000001,5.07999999999994,275.844));
#5142=CARTESIAN_POINT('Origin',(152.955,5.07999999999994,275.844));
#5143=CARTESIAN_POINT('',(152.955,12.9299999999999,275.844));
#5144=CARTESIAN_POINT('',(51.6725000000001,12.9299999999999,275.844));
#5145=CARTESIAN_POINT('',(152.955,5.07999999999994,275.844));
#5146=CARTESIAN_POINT('Origin',(152.955,5.07999999999999,40.894));
#5147=CARTESIAN_POINT('',(152.955,12.93,40.894));
#5148=CARTESIAN_POINT('',(152.955,12.9299999999999,217.1065));
#5149=CARTESIAN_POINT('',(152.955,5.07999999999999,40.894));
#5150=CARTESIAN_POINT('Origin',(9.44500000000007,5.07999999999999,40.894));
#5151=CARTESIAN_POINT('',(136.1275,12.93,40.894));
#5152=CARTESIAN_POINT('',(132.,12.93,40.894));
#5153=CARTESIAN_POINT('',(136.1275,12.93,40.894));
#5154=CARTESIAN_POINT('',(132.,5.07999999999999,40.894));
#5155=CARTESIAN_POINT('Origin',(132.,5.07999999999999,31.4452));
#5156=CARTESIAN_POINT('',(132.,12.93,31.4452));
#5157=CARTESIAN_POINT('',(132.,12.93,93.67697734331));
#5158=CARTESIAN_POINT('',(132.,5.07999999999999,31.4452));
#5159=CARTESIAN_POINT('Origin',(152.68126523766,5.07999999999999,31.4452));
#5160=CARTESIAN_POINT('',(152.68126523766,12.93,31.4452));
#5161=CARTESIAN_POINT('',(112.95,12.93,31.4452));
#5162=CARTESIAN_POINT('',(152.68126523766,5.07999999999999,31.4452));
#5163=CARTESIAN_POINT('Origin',(152.68126523766,5.08,9.44519999999997));
#5164=CARTESIAN_POINT('',(152.68126523766,12.93,9.44519999999997));
#5165=CARTESIAN_POINT('',(152.68126523766,12.93,91.4071));
#5166=CARTESIAN_POINT('',(152.68126523766,5.08,9.44519999999997));
#5167=CARTESIAN_POINT('Origin',(0.,5.08,9.44520000000004));
#5168=CARTESIAN_POINT('',(0.,12.93,9.44520000000005));
#5169=CARTESIAN_POINT('',(123.29063261883,12.93,9.44519999999997));
#5170=CARTESIAN_POINT('',(0.,5.08,9.44520000000004));
#5171=CARTESIAN_POINT('Origin',(162.4,5.08,0.000199999999992428));
#5172=CARTESIAN_POINT('',(0.,12.93,0.000200000000067924));
#5173=CARTESIAN_POINT('',(0.,5.08,0.000200000000063483));
#5174=CARTESIAN_POINT('',(162.4,12.93,0.000199999999996869));
#5175=CARTESIAN_POINT('',(162.4,12.93,0.000199999999996869));
#5176=CARTESIAN_POINT('',(162.4,5.08,0.000199999999992428));
#5177=CARTESIAN_POINT('Origin',(162.4,5.07999999999993,285.289));
#5178=CARTESIAN_POINT('',(162.4,12.9299999999999,285.289));
#5179=CARTESIAN_POINT('',(162.4,12.93,36.449));
#5180=CARTESIAN_POINT('',(162.4,5.07999999999993,285.289));
#5181=CARTESIAN_POINT('Origin',(7.105427357601E-14,5.07999999999993,285.289));
#5182=CARTESIAN_POINT('',(7.105427357601E-14,12.9299999999999,285.289));
#5183=CARTESIAN_POINT('',(138.35,12.9299999999999,285.289));
#5184=CARTESIAN_POINT('',(7.105427357601E-14,5.07999999999993,285.289));
#5185=CARTESIAN_POINT('Origin',(0.,5.08,9.44900000000004));
#5186=CARTESIAN_POINT('',(0.,12.93,9.44900000000004));
#5187=CARTESIAN_POINT('',(1.77635683940025E-14,12.93,31.449));
#5188=CARTESIAN_POINT('',(0.,5.08,9.44900000000004));
#5189=CARTESIAN_POINT('',(0.,12.93,4.44520000000005));
#5190=CARTESIAN_POINT('Origin',(86.9306000000001,5.08,9.44900000000004));
#5191=CARTESIAN_POINT('',(49.45,12.93,9.44900000000004));
#5192=CARTESIAN_POINT('Origin',(4.72299999999999,12.93,4.72320000000004));
#5193=CARTESIAN_POINT('',(4.72299999999999,12.93,6.67320000000004));
#5194=CARTESIAN_POINT('Origin',(93.9000000000001,12.93,158.369));
#5195=CARTESIAN_POINT('Origin',(157.677,7.93,4.72320000000003));
#5196=CARTESIAN_POINT('Origin',(40.4225,25.2799999999999,3.36650000000006));
#5197=CARTESIAN_POINT('',(40.4225,21.2799999999999,1.36650000000003));
#5198=CARTESIAN_POINT('Origin',(40.4225,21.2799999999999,3.36650000000006));
#5199=CARTESIAN_POINT('',(40.4225,25.2799999999999,1.36650000000003));
#5200=CARTESIAN_POINT('',(40.4225,25.2799999999999,1.36650000000007));
#5201=CARTESIAN_POINT('Origin',(40.4225,25.2799999999999,3.36650000000006));
#5202=CARTESIAN_POINT('Origin',(40.4225,25.2799999999999,3.36650000000006));
#5203=CARTESIAN_POINT('',(40.4225,21.2799999999999,0.366500000000092));
#5204=CARTESIAN_POINT('Origin',(40.4225,21.2799999999999,3.36650000000006));
#5205=CARTESIAN_POINT('',(40.4225,25.2799999999999,0.366500000000092));
#5206=CARTESIAN_POINT('',(40.4225,25.2799999999999,0.366500000000056));
#5207=CARTESIAN_POINT('Origin',(40.4225,25.2799999999999,3.36650000000006));
#5208=CARTESIAN_POINT('Origin',(40.4225,21.2799999999999,3.36650000000006));
#5209=CARTESIAN_POINT('Origin',(40.4225,25.2799999999999,3.36650000000006));
#5210=CARTESIAN_POINT('Origin',(17.4225000000001,25.2799999999996,61.3665));
#5211=CARTESIAN_POINT('',(17.4225000000002,21.2799999999996,59.3665));
#5212=CARTESIAN_POINT('Origin',(17.4225000000002,21.2799999999996,61.3665));
#5213=CARTESIAN_POINT('',(17.4225000000001,25.2799999999996,59.3665000000001));
#5214=CARTESIAN_POINT('',(17.4225000000001,25.2799999999996,59.3665000000001));
#5215=CARTESIAN_POINT('Origin',(17.4225000000001,25.2799999999996,61.3665));
#5216=CARTESIAN_POINT('Origin',(17.4225000000001,25.2799999999996,61.3665));
#5217=CARTESIAN_POINT('',(17.4225000000002,21.2799999999996,58.3665));
#5218=CARTESIAN_POINT('Origin',(17.4225000000002,21.2799999999996,61.3665));
#5219=CARTESIAN_POINT('',(17.4225000000001,25.2799999999996,58.3665));
#5220=CARTESIAN_POINT('',(17.4225000000001,25.2799999999996,58.3665000000001));
#5221=CARTESIAN_POINT('Origin',(17.4225000000001,25.2799999999996,61.3665));
#5222=CARTESIAN_POINT('Origin',(17.4225000000002,21.2799999999996,61.3665));
#5223=CARTESIAN_POINT('Origin',(17.4225000000001,25.2799999999996,61.3665));
#5224=CARTESIAN_POINT('Origin',(17.4225,25.2799999999996,3.36650000000013));
#5225=CARTESIAN_POINT('',(17.4225,21.2799999999996,1.36650000000011));
#5226=CARTESIAN_POINT('Origin',(17.4225,21.2799999999996,3.36650000000013));
#5227=CARTESIAN_POINT('',(17.4225,25.2799999999996,1.36650000000011));
#5228=CARTESIAN_POINT('',(17.4225,25.2799999999996,1.36650000000014));
#5229=CARTESIAN_POINT('Origin',(17.4225,25.2799999999996,3.36650000000013));
#5230=CARTESIAN_POINT('Origin',(17.4225,25.2799999999996,3.36650000000013));
#5231=CARTESIAN_POINT('',(17.4225,21.2799999999996,0.366500000000092));
#5232=CARTESIAN_POINT('Origin',(17.4225,21.2799999999996,3.36650000000013));
#5233=CARTESIAN_POINT('',(17.4225,25.2799999999996,0.366500000000092));
#5234=CARTESIAN_POINT('',(17.4225,25.2799999999996,0.366500000000145));
#5235=CARTESIAN_POINT('Origin',(17.4225,25.2799999999996,3.36650000000013));
#5236=CARTESIAN_POINT('Origin',(17.4225,21.2799999999996,3.36650000000013));
#5237=CARTESIAN_POINT('Origin',(17.4225,25.2799999999996,3.36650000000013));
#5238=CARTESIAN_POINT('Origin',(40.4225000000001,25.2799999999999,61.3665));
#5239=CARTESIAN_POINT('',(40.4225000000002,21.2799999999999,59.3665));
#5240=CARTESIAN_POINT('Origin',(40.4225000000002,21.2799999999999,61.3665));
#5241=CARTESIAN_POINT('',(40.4225000000001,25.2799999999999,59.3665));
#5242=CARTESIAN_POINT('',(40.4225000000001,25.2799999999999,59.3665));
#5243=CARTESIAN_POINT('Origin',(40.4225000000001,25.2799999999999,61.3665));
#5244=CARTESIAN_POINT('Origin',(40.4225000000001,25.2799999999999,61.3665));
#5245=CARTESIAN_POINT('',(40.4225000000002,21.2799999999999,58.3665));
#5246=CARTESIAN_POINT('Origin',(40.4225000000002,21.2799999999999,61.3665));
#5247=CARTESIAN_POINT('',(40.4225000000001,25.2799999999999,58.3665));
#5248=CARTESIAN_POINT('',(40.4225000000001,25.2799999999999,58.3665));
#5249=CARTESIAN_POINT('Origin',(40.4225000000001,25.2799999999999,61.3665));
#5250=CARTESIAN_POINT('Origin',(40.4225000000002,21.2799999999999,61.3665));
#5251=CARTESIAN_POINT('Origin',(40.4225000000001,25.2799999999999,61.3665));
#5252=UNCERTAINTY_MEASURE_WITH_UNIT(LENGTH_MEASURE(0.01),#5256,
'DISTANCE_ACCURACY_VALUE',
'Maximum model space distance between geometric entities at asserted c
onnectivities');
#5253=UNCERTAINTY_MEASURE_WITH_UNIT(LENGTH_MEASURE(0.01),#5256,
'DISTANCE_ACCURACY_VALUE',
'Maximum model space distance between geometric entities at asserted c
onnectivities');
#5254=(
GEOMETRIC_REPRESENTATION_CONTEXT(3)
GLOBAL_UNCERTAINTY_ASSIGNED_CONTEXT((#5252))
GLOBAL_UNIT_ASSIGNED_CONTEXT((#5256,#5257,#5258))
REPRESENTATION_CONTEXT('','3D')
);
#5255=(
GEOMETRIC_REPRESENTATION_CONTEXT(3)
GLOBAL_UNCERTAINTY_ASSIGNED_CONTEXT((#5253))
GLOBAL_UNIT_ASSIGNED_CONTEXT((#5256,#5257,#5258))
REPRESENTATION_CONTEXT('','3D')
);
#5256=(
LENGTH_UNIT()
NAMED_UNIT(*)
SI_UNIT(.MILLI.,.METRE.)
);
#5257=(
NAMED_UNIT(*)
PLANE_ANGLE_UNIT()
SI_UNIT($,.RADIAN.)
);
#5258=(
NAMED_UNIT(*)
SI_UNIT($,.STERADIAN.)
SOLID_ANGLE_UNIT()
);
#5259=SHAPE_DEFINITION_REPRESENTATION(#5260,#5261);
#5260=PRODUCT_DEFINITION_SHAPE('',$,#5263);
#5261=SHAPE_REPRESENTATION('',(#3119),#5254);
#5262=PRODUCT_DEFINITION_CONTEXT('part definition',#5267,'design');
#5263=PRODUCT_DEFINITION('case for screen','case for screen',#5264,#5262);
#5264=PRODUCT_DEFINITION_FORMATION('',$,#5269);
#5265=PRODUCT_RELATED_PRODUCT_CATEGORY('case for screen',
'case for screen',(#5269));
#5266=APPLICATION_PROTOCOL_DEFINITION('international standard',
'automotive_design',2009,#5267);
#5267=APPLICATION_CONTEXT(
'Core Data for Automotive Mechanical Design Process');
#5268=PRODUCT_CONTEXT('part definition',#5267,'mechanical');
#5269=PRODUCT('case for screen','case for screen',$,(#5268));
#5270=PRESENTATION_STYLE_ASSIGNMENT((#5271));
#5271=SURFACE_STYLE_USAGE(.BOTH.,#5272);
#5272=SURFACE_SIDE_STYLE('',(#5273));
#5273=SURFACE_STYLE_FILL_AREA(#5274);
#5274=FILL_AREA_STYLE('Steel - Satin',(#5275));
#5275=FILL_AREA_STYLE_COLOUR('Steel - Satin',#5276);
#5276=COLOUR_RGB('Steel - Satin',0.627450980392157,0.627450980392157,0.627450980392157);
ENDSEC;
END-ISO-10303-21;
